DataSource,X,Coastal,StationID,UID,Year,Season,JulianDate,Collection.Date,Sta_Desc,Latitude,Longitude,US_L3CODE,US_L3NAME,US_L4CODE,US_L4NAME,VAHU6,ASSESS_REG,OFFICE_NM,VaName,Tidal,VAHUSB,FedName,HUC10,Basin,BASIN_CODE,Basin_Code,CountyCityName,FIPS,BASINS_HUC_12,WQS_ID,WQS_CLASS,WQS_SPSTDS,WQS_PWS,WQS_TROUT,WQS_TIER_III,Order,EDASOrder,totalArea_sqMile,ELEVMIN,ELEVMAX,ELEVMEAN,ELEVSD,ELEVRANGE,SLPMIN,SLPMAX,SLPMEAN,SLPSD,SLPRANGE,wshdRain_mmyr,siteRain_mmyr,wshdRain_inyr,siteRain_inyr,wshedRain_inyr,BenSampID,RepNum,Gradient,Target.Count,StreamCate,Bioregion,Bioregionsize,BioregionSeason
VDEQ_BUG,Ref,TRUE,1ACON002.88,1ACON002.88_2004_Spring,2004,Spring,51,2/20/2004,Coan Mill Stream at Rt. 638,37.91736111,-76.51208333,65,Southeastern Plains,65m,Rolling Coastal Plain,PL72,PRO,Piedmont,Coan River,T,PL,Coan River,207001108,Potomac River Basin,1A,Potomac-Lower,Northumberland,133,20700110805,RL_1A_290708,III,,,,,2,NA,NA,NA,NA,NA,NA,NA,NA,NA,NA,NA,NA,NA,NA,NA,NA,NA,CON1806,1,MACS,200,Small,Coast,SmallCoast,SmallCoastSpring
VDEQ_BUG,Ref,TRUE,1ACON002.88,1ACON002.88_2010_Spring,2010,Spring,95,4/5/2010,Coan Mill Stream at Rt. 638,37.91736111,-76.51208333,65,Southeastern Plains,65m,Rolling Coastal Plain,PL72,PRO,Piedmont,Coan River,T,PL,Coan River,207001108,Potomac River Basin,1A,Potomac-Lower,Northumberland,133,20700110805,RL_1A_290708,III,,,,,2,NA,NA,NA,NA,NA,NA,NA,NA,NA,NA,NA,NA,NA,NA,NA,NA,NA,CON1137,1,MACS,200,Small,Coast,SmallCoast,SmallCoastSpring
VDEQ_BUG,Ref,TRUE,1ACON002.88,1ACON002.88_2010_Fall,2010,Fall,326,11/22/2010,Coan Mill Stream at Rt. 638,37.91736111,-76.51208333,65,Southeastern Plains,65m,Rolling Coastal Plain,PL72,PRO,Piedmont,Coan River,T,PL,Coan River,207001108,Potomac River Basin,1A,Potomac-Lower,Northumberland,133,20700110805,RL_1A_290708,III,,,,,2,NA,NA,NA,NA,NA,NA,NA,NA,NA,NA,NA,NA,NA,NA,NA,NA,NA,CON1513,1,MACS,200,Small,Coast,SmallCoast,SmallCoastFall
VDEQ_BUG,Ref,TRUE,1ALIS007.07,1ALIS007.07_2016_Spring,2016,Spring,165,6/13/2016,0.13 mile downstream Rt. 646,37.90311111,-76.33519445,63,Middle Atlantic Coastal Plain,63b,Chesapeake-Pamlico Lowlands and Tidal Marshes,CB01,PRO,Piedmont,Little Wicomico River,T,CB,Little Wicomico River,208010201,Ches. Bay and Small Coastal Basin,7A,Small Coastal,Northumberland,133,20801020101,RL_7A_300195,III,,,,,2,2,1.867512016,1,33,21.01987201,7.451099977,32,0,11.2025795,2.257658323,1.990352608,11.2025795,4157.24,1033.13,163.6709545,40.67443141,NA,LIS8731,1,MACS,200,Small,Coast,SmallCoast,SmallCoastSpring
VDEQ_BUG,Ref,TRUE,1ALIS007.07,1ALIS007.07_2016_Fall,2016,Fall,308,11/3/2016,0.13 mile downstream Rt. 646,37.90311111,-76.33519445,63,Middle Atlantic Coastal Plain,63b,Chesapeake-Pamlico Lowlands and Tidal Marshes,CB01,PRO,Piedmont,Little Wicomico River,T,CB,Little Wicomico River,208010201,Ches. Bay and Small Coastal Basin,7A,Small Coastal,Northumberland,133,20801020101,RL_7A_300195,III,,,,,2,2,1.867512016,1,33,21.01987201,7.451099977,32,0,11.2025795,2.257658323,1.990352608,11.2025795,4157.24,1033.13,163.6709545,40.67443141,NA,LIS9166,1,MACS,200,Small,Coast,SmallCoast,SmallCoastFall
VDEQ_BUG,Ref,TRUE,1AXOM001.06,1AXOM001.06_2016_Spring,2016,Spring,111,4/20/2016,Inside Caledon State Park,38.3348,-77.158636,65,Southeastern Plains,65m,Rolling Coastal Plain,PL62,NRO,Northern,Potomac River-Chotank Creek,T,PL,Chotank Creek-Potomac River,207001103,Potomac River Basin,1A,Potomac-Lower,King George,99,20700110303,RL_1A_309124,III,b,,,,1,1,NA,NA,NA,NA,NA,NA,NA,NA,NA,NA,NA,NA,NA,NA,NA,NA,XOM8373,1,MACS,200,Small,Coast,SmallCoast,SmallCoastSpring
VDEQ_BUG,Ref,TRUE,1AXOM001.06,1AXOM001.06_2016_Fall,2016,Fall,294,10/20/2016,Inside Caledon State Park,38.3348,-77.158636,65,Southeastern Plains,65m,Rolling Coastal Plain,PL62,NRO,Northern,Potomac River-Chotank Creek,T,PL,Chotank Creek-Potomac River,207001103,Potomac River Basin,1A,Potomac-Lower,King George,99,20700110303,RL_1A_309124,III,b,,,,1,1,NA,NA,NA,NA,NA,NA,NA,NA,NA,NA,NA,NA,NA,NA,NA,NA,XOM8909,1,MACS,200,Small,Coast,SmallCoast,SmallCoastFall
VDEQ_BUG,Ref,TRUE,1AXOM001.06,1AXOM001.06_2017_Spring,2017,Spring,101,4/11/2017,Inside Caledon State Park,38.3348,-77.158636,65,Southeastern Plains,65m,Rolling Coastal Plain,PL62,NRO,Northern,Potomac River-Chotank Creek,T,PL,Chotank Creek-Potomac River,207001103,Potomac River Basin,1A,Potomac-Lower,King George,99,20700110303,RL_1A_309124,III,b,,,,1,1,NA,NA,NA,NA,NA,NA,NA,NA,NA,NA,NA,NA,NA,NA,NA,NA,XOM9672,1,MACS,200,Small,Coast,SmallCoast,SmallCoastSpring
VDEQ_BUG,Ref,TRUE,1AXOM001.06,1AXOM001.06_2017_Fall,2017,Fall,332,11/28/2017,Inside Caledon State Park,38.3348,-77.158636,65,Southeastern Plains,65m,Rolling Coastal Plain,PL62,NRO,Northern,Potomac River-Chotank Creek,T,PL,Chotank Creek-Potomac River,207001103,Potomac River Basin,1A,Potomac-Lower,King George,99,20700110303,RL_1A_309124,III,b,,,,1,1,NA,NA,NA,NA,NA,NA,NA,NA,NA,NA,NA,NA,NA,NA,NA,NA,XOM10203,1,MACS,200,Small,Coast,SmallCoast,SmallCoastFall
VDEQ_BUG,Ref,TRUE,2-APP016.38,2-APP016.38_2015_Spring,2015,Spring,162,6/11/2015,ROUTE 600 BRIDGE (CHESTERFIELD COUNTY),37.22527778,-77.47638889,65,Southeastern Plains,65m,Rolling Coastal Plain,JA40,PRO,Piedmont,Appomattox River-Oldtown Creek,T,JA,Oldtown Creek-Appomattox River,208020710,James River Basin,2D,Appomattox,Chesterfield,41,20802071001,RL_2D_254699,III, ,,,,6,6,NA,NA,NA,NA,NA,NA,NA,NA,NA,NA,NA,NA,NA,NA,NA,NA,APP7250,1,Riffle,200,Large,Coast,LargeCoast,LargeCoastSpring
VDEQ_BUG,Ref,TRUE,2-BEV002.00,2-BEV002.00_2009_Spring,2009,Spring,147,5/27/2009,"Beaverdam Creek Battlefield, DS Rt 156,",37.59522222,-77.35913889,65,Southeastern Plains,65m,Rolling Coastal Plain,JL19,PRO,Piedmont,Chickahominy River-Powhite Creek,N,JL,Powhite Creek-Chickahominy River,208020605,James River Basin,2C,James-Lower,Hanover,85,20802060501,RL_2C_272020,III,m,,,,3,NA,NA,NA,NA,NA,NA,NA,NA,NA,NA,NA,NA,NA,NA,NA,NA,NA,BEV78R200,1,MACS,200,Medium,Coast,MediumCoast,MediumCoastSpring
VDEQ_BUG,Ref,TRUE,2-BEV002.00,2-BEV002.00_2009_Outside Sample Window,2009,Outside Sample Window,350,12/16/2009,"Beaverdam Creek Battlefield, DS Rt 156,",37.59522222,-77.35913889,65,Southeastern Plains,65m,Rolling Coastal Plain,JL19,PRO,Piedmont,Chickahominy River-Powhite Creek,N,JL,Powhite Creek-Chickahominy River,208020605,James River Basin,2C,James-Lower,Hanover,85,20802060501,RL_2C_272020,III,m,,,,3,NA,NA,NA,NA,NA,NA,NA,NA,NA,NA,NA,NA,NA,NA,NA,NA,NA,BEV173R200,1,MACS,200,Medium,Coast,MediumCoast,MediumCoastOutside Sample Window
VDEQ_BUG,Ref,TRUE,2-BLB002.23,2-BLB002.23_2010_Spring,2010,Spring,83,3/24/2010,Rt 10 bridge,37.17947222,-77.01316667,65,Southeastern Plains,65m,Rolling Coastal Plain,JL14,PRO,Piedmont,Upper Chippokes Creek,T,JL,Upper Chippokes Creek,208020603,James River Basin,2C,James-Lower,Surry,181,20802060303,RL_2C_267524,III, ,,,,2,NA,NA,NA,NA,NA,NA,NA,NA,NA,NA,NA,NA,NA,NA,NA,NA,NA,BLB1138,1,MACS,200,Small,Coast,SmallCoast,SmallCoastSpring
VDEQ_BUG,Ref,TRUE,2-BLB002.23,2-BLB002.23_2010_Fall,2010,Fall,321,11/17/2010,Rt 10 bridge,37.17947222,-77.01316667,65,Southeastern Plains,65m,Rolling Coastal Plain,JL14,PRO,Piedmont,Upper Chippokes Creek,T,JL,Upper Chippokes Creek,208020603,James River Basin,2C,James-Lower,Surry,181,20802060303,RL_2C_267524,III, ,,,,2,NA,NA,NA,NA,NA,NA,NA,NA,NA,NA,NA,NA,NA,NA,NA,NA,NA,BLB1515,1,MACS,200,Small,Coast,SmallCoast,SmallCoastFall
VDEQ_BUG,Ref,TRUE,2-BLY005.73,2-BLY005.73_2011_Spring,2011,Spring,109,4/19/2011,Bailey Creek at RT. 630 BELOW FORT LEE,37.24969444,-77.31675,65,Southeastern Plains,65m,Rolling Coastal Plain,JL07,PRO,Piedmont,James River-Bailey Creek,T,JL,Bailey Creek-James River,208020602,James River Basin,2C,James-Lower,Prince George,149,20802060201,RL_2C_255330,III, ,,,,1,NA,NA,NA,NA,NA,NA,NA,NA,NA,NA,NA,NA,NA,NA,NA,NA,NA,BLY1873,1,MACS,200,Small,Coast,SmallCoast,SmallCoastSpring
VDEQ_BUG,Ref,TRUE,2-BLY005.73,2-BLY005.73_2011_Fall,2011,Fall,325,11/21/2011,Bailey Creek at RT. 630 BELOW FORT LEE,37.24969444,-77.31675,65,Southeastern Plains,65m,Rolling Coastal Plain,JL07,PRO,Piedmont,James River-Bailey Creek,T,JL,Bailey Creek-James River,208020602,James River Basin,2C,James-Lower,Prince George,149,20802060201,RL_2C_255330,III, ,,,,1,NA,NA,NA,NA,NA,NA,NA,NA,NA,NA,NA,NA,NA,NA,NA,NA,NA,BLY2245,1,MACS,200,Small,Coast,SmallCoast,SmallCoastFall
VDEQ_BUG,Ref,TRUE,2-BLY005.73,2-BLY005.73_2019_Spring,2019,Spring,77,3/18/2019,Bailey Creek at RT. 630 BELOW FORT LEE,37.24969444,-77.31675,65,Southeastern Plains,65m,Rolling Coastal Plain,JL07,PRO,Piedmont,James River-Bailey Creek,T,JL,Bailey Creek-James River,208020602,James River Basin,2C,James-Lower,Prince George,149,20802060201,RL_2C_255330,III, ,,,,1,NA,NA,NA,NA,NA,NA,NA,NA,NA,NA,NA,NA,NA,NA,NA,NA,NA,BLY12168,1,MACS,200,Small,Coast,SmallCoast,SmallCoastSpring
VDEQ_BUG,Ref,TRUE,2-BLY005.73,2-BLY005.73_2019_Fall,2019,Fall,324,11/20/2019,Bailey Creek at RT. 630 BELOW FORT LEE,37.24969444,-77.31675,65,Southeastern Plains,65m,Rolling Coastal Plain,JL07,PRO,Piedmont,James River-Bailey Creek,T,JL,Bailey Creek-James River,208020602,James River Basin,2C,James-Lower,Prince George,149,20802060201,RL_2C_255330,III, ,,,,1,NA,NA,NA,NA,NA,NA,NA,NA,NA,NA,NA,NA,NA,NA,NA,NA,NA,BLY12607,1,MACS,200,Small,Coast,SmallCoast,SmallCoastFall
VDEQ_BUG,Ref,TRUE,2-CHK052.57,2-CHK052.57_2012_Spring,2012,Spring,159,6/7/2012,Just Downstream of Henrico/New Kent line,37.53805556,-77.23094444,65,Southeastern Plains,65m,Rolling Coastal Plain,JL20,PRO,Piedmont,Chickahominy River-Higgins Swamp,N,JL,Higgins Swamp-Chickahominy River,208020605,James River Basin,2C,James-Lower,Henrico,87,20802060502,RL_2C_273782,VII,m,,,,5,NA,NA,NA,NA,NA,NA,NA,NA,NA,NA,NA,NA,NA,NA,NA,NA,NA,CHK3335,1,MACS,200,Large,Coast,LargeCoast,LargeCoastSpring
VDEQ_BUG,Ref,TRUE,2-CHK052.57,2-CHK052.57_2012_Fall,2012,Fall,320,11/15/2012,Just Downstream of Henrico/New Kent line,37.53805556,-77.23094444,65,Southeastern Plains,65m,Rolling Coastal Plain,JL20,PRO,Piedmont,Chickahominy River-Higgins Swamp,N,JL,Higgins Swamp-Chickahominy River,208020605,James River Basin,2C,James-Lower,Henrico,87,20802060502,RL_2C_273782,VII,m,,,,5,NA,NA,NA,NA,NA,NA,NA,NA,NA,NA,NA,NA,NA,NA,NA,NA,NA,CHK3788,1,MACS,200,Large,Coast,LargeCoast,LargeCoastFall
VDEQ_BUG,Ref,TRUE,2-CHK052.57,2-CHK052.57_2015_Spring,2015,Spring,128,5/8/2015,Just Downstream of Henrico/New Kent line,37.53805556,-77.23094444,65,Southeastern Plains,65m,Rolling Coastal Plain,JL20,PRO,Piedmont,Chickahominy River-Higgins Swamp,N,JL,Higgins Swamp-Chickahominy River,208020605,James River Basin,2C,James-Lower,Henrico,87,20802060502,RL_2C_273782,VII,m,,,,5,NA,NA,NA,NA,NA,NA,NA,NA,NA,NA,NA,NA,NA,NA,NA,NA,NA,CHK7260,1,MACS,200,Large,Coast,LargeCoast,LargeCoastSpring
Drew Report,Ref,NA,2-CPN004.81,2-CPN004.81_2009_Spring,2009,Spring,134,5/14/2009,100M UPSTREAM FROM RT. 654,36.92027778,-76.65138889,63,Middle Atlantic Coastal Plain,63e,Mid-Atlantic Flatwoods,JL40,TRO,Tidewater,Cypress Creek,T,JL,Cypress Creek,208020609,James River Basin,2C,James-Lower,Isle of Wight,93,20802060903,RL_2C_268362,III, ,,,,3,3,NA,NA,NA,NA,NA,NA,NA,NA,NA,NA,NA,NA,NA,NA,NA,NA,CPNTRO21R200,1,MACS,200,Medium,Coast,MediumCoast,MediumCoastSpring
Drew Report,Ref,NA,2-CPN004.81,2-CPN004.81_2009_Fall,2009,Fall,295,10/22/2009,100M UPSTREAM FROM RT. 654,36.92027778,-76.65138889,63,Middle Atlantic Coastal Plain,63e,Mid-Atlantic Flatwoods,JL40,TRO,Tidewater,Cypress Creek,T,JL,Cypress Creek,208020609,James River Basin,2C,James-Lower,Isle of Wight,93,20802060903,RL_2C_268362,III, ,,,,3,3,NA,NA,NA,NA,NA,NA,NA,NA,NA,NA,NA,NA,NA,NA,NA,NA,CPNTRO22R200,1,MACS,200,Medium,Coast,MediumCoast,MediumCoastFall
Drew Report,Ref,NA,2-CRL001.83,2-CRL001.83_2006_Fall,2006,Fall,310,11/6/2006,Rt 603 Bridge,36.82186111,-76.66877778,63,Middle Atlantic Coastal Plain,63e,Mid-Atlantic Flatwoods,JL46,TRO,Tidewater,Lake Prince,N,JL,Lake Prince,208020801,James River Basin,2C,James-Lower,Isle of Wight,93,20802080103,RL_2C_264129,III,PWS,Yes,,,1,NA,NA,NA,NA,NA,NA,NA,NA,NA,NA,NA,NA,NA,NA,NA,NA,NA,CRL2071,1,MACS,200,Small,Coast,SmallCoast,SmallCoastFall
Drew Report,Ref,NA,2-CRL004.04,2-CRL004.04_2009_Spring,2009,Spring,134,5/14/2009,50 M UPSTREAM FROM RT. 600 CULVERT,36.84430556,-76.69111111,63,Middle Atlantic Coastal Plain,63e,Mid-Atlantic Flatwoods,JL46,TRO,Tidewater,Lake Prince,N,JL,Lake Prince,208020801,James River Basin,2C,James-Lower,Isle of Wight,93,20802080103,RL_2C_264266,III,PWS,Yes,,,1,1,NA,NA,NA,NA,NA,NA,NA,NA,NA,NA,NA,NA,NA,NA,NA,NA,CRLTRO21R200,1,MACS,200,Small,Coast,SmallCoast,SmallCoastSpring
Drew Report,Ref,NA,2-CRL004.04,2-CRL004.04_2009_Fall,2009,Fall,295,10/22/2009,50 M UPSTREAM FROM RT. 600 CULVERT,36.84430556,-76.69111111,63,Middle Atlantic Coastal Plain,63e,Mid-Atlantic Flatwoods,JL46,TRO,Tidewater,Lake Prince,N,JL,Lake Prince,208020801,James River Basin,2C,James-Lower,Isle of Wight,93,20802080103,RL_2C_264266,III,PWS,Yes,,,1,1,NA,NA,NA,NA,NA,NA,NA,NA,NA,NA,NA,NA,NA,NA,NA,NA,CRLTRO22R200,1,MACS,200,Small,Coast,SmallCoast,SmallCoastFall
Drew Report,Ref,NA,2-CRL004.04,2-CRL004.04_2020_Spring,2020,Spring,148,5/27/2020,50 M UPSTREAM FROM RT. 600 CULVERT,36.84430556,-76.69111111,63,Middle Atlantic Coastal Plain,63e,Mid-Atlantic Flatwoods,JL46,TRO,Tidewater,Lake Prince,N,JL,Lake Prince,208020801,James River Basin,2C,James-Lower,Isle of Wight,93,20802080103,RL_2C_264266,III,PWS,Yes,,,1,1,NA,NA,NA,NA,NA,NA,NA,NA,NA,NA,NA,NA,NA,NA,NA,NA,CRL19409,1,MACS,200,Small,Coast,SmallCoast,SmallCoastSpring
VDEQ_BUG,Ref,TRUE,2-CRT001.00,2-CRT001.00_2012_Spring,2012,Spring,135,5/14/2012,"COURTHOUSE CREEK, RT. 155 BRIDGE",37.34388889,-77.07166667,65,Southeastern Plains,65m,Rolling Coastal Plain,JL10,PRO,Piedmont,Queens Creek-Courthouse Creek,T,JL,Courthouse Creek-Queens Creek,208020602,James River Basin,2C,James-Lower,Charles City,36,20802060204,RL_2C_272887,III,,,,,2,NA,NA,NA,NA,NA,NA,NA,NA,NA,NA,NA,NA,NA,NA,NA,NA,NA,CRT3333,1,MACS,200,Small,Coast,SmallCoast,SmallCoastSpring
VDEQ_BUG,Ref,TRUE,2-CRT001.00,2-CRT001.00_2012_Fall,2012,Fall,291,10/17/2012,"COURTHOUSE CREEK, RT. 155 BRIDGE",37.34388889,-77.07166667,65,Southeastern Plains,65m,Rolling Coastal Plain,JL10,PRO,Piedmont,Queens Creek-Courthouse Creek,T,JL,Courthouse Creek-Queens Creek,208020602,James River Basin,2C,James-Lower,Charles City,36,20802060204,RL_2C_272887,III,,,,,2,NA,NA,NA,NA,NA,NA,NA,NA,NA,NA,NA,NA,NA,NA,NA,NA,NA,CRT3782,1,MACS,200,Small,Coast,SmallCoast,SmallCoastFall
VDEQ_BUG,Ref,TRUE,2-CRT001.00,2-CRT001.00_2014_Spring,2014,Spring,112,4/22/2014,"COURTHOUSE CREEK, RT. 155 BRIDGE",37.34388889,-77.07166667,65,Southeastern Plains,65m,Rolling Coastal Plain,JL10,PRO,Piedmont,Queens Creek-Courthouse Creek,T,JL,Courthouse Creek-Queens Creek,208020602,James River Basin,2C,James-Lower,Charles City,36,20802060204,RL_2C_272887,III,,,,,2,NA,NA,NA,NA,NA,NA,NA,NA,NA,NA,NA,NA,NA,NA,NA,NA,NA,CRT6051,1,MACS,200,Small,Coast,SmallCoast,SmallCoastSpring
VDEQ_BUG,Ref,TRUE,2-CRT001.00,2-CRT001.00_2014_Fall,2014,Fall,323,11/19/2014,"COURTHOUSE CREEK, RT. 155 BRIDGE",37.34388889,-77.07166667,65,Southeastern Plains,65m,Rolling Coastal Plain,JL10,PRO,Piedmont,Queens Creek-Courthouse Creek,T,JL,Courthouse Creek-Queens Creek,208020602,James River Basin,2C,James-Lower,Charles City,36,20802060204,RL_2C_272887,III,,,,,2,NA,NA,NA,NA,NA,NA,NA,NA,NA,NA,NA,NA,NA,NA,NA,NA,NA,CRT6966,1,MACS,200,Small,Coast,SmallCoast,SmallCoastFall
VDEQ_BUG,Ref,TRUE,2-GRB006.96,2-GRB006.96_2013_Spring,2013,Spring,73,3/14/2013,"GRAYS CREEK, Rt. 626 BRIDGE",37.16555556,-76.86916667,65,Southeastern Plains,65m,Rolling Coastal Plain,JL32,PRO,Piedmont,Grays Creek,T,JL,Grays Creek,208020607,James River Basin,2C,James-Lower,Surry,181,20802060703,RL_2C_268139,III, ,,,,2,2,NA,NA,NA,NA,NA,NA,NA,NA,NA,NA,NA,NA,NA,NA,NA,NA,GRB4952,1,MACS,200,Small,Coast,SmallCoast,SmallCoastSpring
VDEQ_BUG,Ref,TRUE,2-GRB006.96,2-GRB006.96_2013_Outside Sample Window,2013,Outside Sample Window,353,12/19/2013,"GRAYS CREEK, Rt. 626 BRIDGE",37.16555556,-76.86916667,65,Southeastern Plains,65m,Rolling Coastal Plain,JL32,PRO,Piedmont,Grays Creek,T,JL,Grays Creek,208020607,James River Basin,2C,James-Lower,Surry,181,20802060703,RL_2C_268139,III, ,,,,2,2,NA,NA,NA,NA,NA,NA,NA,NA,NA,NA,NA,NA,NA,NA,NA,NA,GRB5718,1,MACS,200,Small,Coast,SmallCoast,SmallCoastOutside Sample Window
VDEQ_BUG,Ref,TRUE,2-JOD001.96,2-JOD001.96_2013_Spring,2013,Spring,73,3/14/2013,Johnson Creek at RT. 724,37.32888889,-77.31777778,65,Southeastern Plains,65m,Rolling Coastal Plain,JA45,PRO,Piedmont,Appomattox River-Ashton Creek,T,JA,Ashton Creek-Appomattox River,208020710,James River Basin,2D,Appomattox,Chesterfield,41,20802071002,RL_2D_271048,III,PWS,,,,3,2,NA,NA,NA,NA,NA,NA,NA,NA,NA,NA,NA,NA,NA,NA,NA,NA,JOD4950,1,MACS,200,Medium,Coast,MediumCoast,MediumCoastSpring
VDEQ_BUG,Ref,TRUE,2-JOD001.96,2-JOD001.96_2013_Fall,2013,Fall,338,12/4/2013,Johnson Creek at RT. 724,37.32888889,-77.31777778,65,Southeastern Plains,65m,Rolling Coastal Plain,JA45,PRO,Piedmont,Appomattox River-Ashton Creek,T,JA,Ashton Creek-Appomattox River,208020710,James River Basin,2D,Appomattox,Chesterfield,41,20802071002,RL_2D_271048,III,PWS,,,,3,2,NA,NA,NA,NA,NA,NA,NA,NA,NA,NA,NA,NA,NA,NA,NA,NA,JOD5716,1,Riffle,200,Medium,Coast,MediumCoast,MediumCoastFall
VDEQ_BUG,Ref,NA,2-KSL003.95,2-KSL003.95_2013_Spring,2013,Spring,113,4/23/2013,Kingsland Creek downstream Rt. 637,37.40977778,-77.4565,65,Southeastern Plains,65m,Rolling Coastal Plain,JL03,PRO,Piedmont,James River-Proctors Creek,T,JL,Proctors Creek-James River,208020601,James River Basin,2C,James-Lower,Chesterfield,41,20802060103,RL_2C_270538,III, ,,,,3,3,8.887614075,29,83,57.87263801,8.855478228,54,0,15.30354595,2.490123225,1.833942812,15.30354595,2198.62,1100.1,86.55988926,43.31104701,NA,KSL4881,1,Riffle,200,Medium,Coast,MediumCoast,MediumCoastSpring
VDEQ_BUG,Ref,NA,2-KSL003.95,2-KSL003.95_2013_Fall,2013,Fall,316,11/12/2013,Kingsland Creek downstream Rt. 637,37.40977778,-77.4565,65,Southeastern Plains,65m,Rolling Coastal Plain,JL03,PRO,Piedmont,James River-Proctors Creek,T,JL,Proctors Creek-James River,208020601,James River Basin,2C,James-Lower,Chesterfield,41,20802060103,RL_2C_270538,III, ,,,,3,3,8.887614075,29,83,57.87263801,8.855478228,54,0,15.30354595,2.490123225,1.833942812,15.30354595,2198.62,1100.1,86.55988926,43.31104701,NA,KSL5552,1,Riffle,200,Medium,Coast,MediumCoast,MediumCoastFall
VDEQ_BUG,Ref,TRUE,2-WER001.93,2-WER001.93_2003_Outside Sample Window,2003,Outside Sample Window,350,12/16/2003,"WEST RUN, RT. 625 BRIDGE",37.358503,-77.165323,65,Southeastern Plains,65m,Rolling Coastal Plain,JL09,PRO,Piedmont,Herring Creek,T,JL,Herring Creek,208020602,James River Basin,2C,James-Lower,Charles City,36,20802060203,RL_2C_272480,III, ,,,,4,NA,NA,NA,NA,NA,NA,NA,NA,NA,NA,NA,NA,NA,NA,NA,NA,NA,WER1829,1,MACS,200,Large,Coast,LargeCoast,LargeCoastOutside Sample Window
VDEQ_BUG,Ref,TRUE,2-WER001.93,2-WER001.93_2004_Outside Sample Window,2004,Outside Sample Window,4,1/4/2004,"WEST RUN, RT. 625 BRIDGE",37.358503,-77.165323,65,Southeastern Plains,65m,Rolling Coastal Plain,JL09,PRO,Piedmont,Herring Creek,T,JL,Herring Creek,208020602,James River Basin,2C,James-Lower,Charles City,36,20802060203,RL_2C_272480,III, ,,,,4,NA,NA,NA,NA,NA,NA,NA,NA,NA,NA,NA,NA,NA,NA,NA,NA,NA,WER1828,1,MACS,200,Large,Coast,LargeCoast,LargeCoastOutside Sample Window
VDEQ_BUG,Ref,TRUE,2-WER001.93,2-WER001.93_2013_Spring,2013,Spring,112,4/22/2013,"WEST RUN, RT. 625 BRIDGE",37.358503,-77.165323,65,Southeastern Plains,65m,Rolling Coastal Plain,JL09,PRO,Piedmont,Herring Creek,T,JL,Herring Creek,208020602,James River Basin,2C,James-Lower,Charles City,36,20802060203,RL_2C_272480,III, ,,,,4,NA,NA,NA,NA,NA,NA,NA,NA,NA,NA,NA,NA,NA,NA,NA,NA,NA,WER4918,1,MACS,200,Large,Coast,LargeCoast,LargeCoastSpring
VDEQ_BUG,Ref,TRUE,2-WER001.93,2-WER001.93_2013_Fall,2013,Fall,301,10/28/2013,"WEST RUN, RT. 625 BRIDGE",37.358503,-77.165323,65,Southeastern Plains,65m,Rolling Coastal Plain,JL09,PRO,Piedmont,Herring Creek,T,JL,Herring Creek,208020602,James River Basin,2C,James-Lower,Charles City,36,20802060203,RL_2C_272480,III, ,,,,4,NA,NA,NA,NA,NA,NA,NA,NA,NA,NA,NA,NA,NA,NA,NA,NA,NA,WER5567,1,MACS,200,Large,Coast,LargeCoast,LargeCoastFall
VDEQ_BUG,Ref,TRUE,2-WRD005.40,2-WRD005.40_2003_Spring,2003,Spring,108,4/18/2003,Wards Creek at RT. 10 BRIDGE,37.21633333,-77.08119444,65,Southeastern Plains,65m,Rolling Coastal Plain,JL12,PRO,Piedmont,Wards Creek,T,JL,Wards Creek,208020603,James River Basin,2C,James-Lower,Prince George,149,20802060301,RL_2C_258336,III,,,,,4,NA,NA,NA,NA,NA,NA,NA,NA,NA,NA,NA,NA,NA,NA,NA,NA,NA,WRD2074,1,MACS,200,Large,Coast,LargeCoast,LargeCoastSpring
VDEQ_BUG,Ref,TRUE,2-WRD005.40,2-WRD005.40_2009_Spring,2009,Spring,154,6/3/2009,Wards Creek at RT. 10 BRIDGE,37.21633333,-77.08119444,65,Southeastern Plains,65m,Rolling Coastal Plain,JL12,PRO,Piedmont,Wards Creek,T,JL,Wards Creek,208020603,James River Basin,2C,James-Lower,Prince George,149,20802060301,RL_2C_258336,III,,,,,4,NA,NA,NA,NA,NA,NA,NA,NA,NA,NA,NA,NA,NA,NA,NA,NA,NA,WRD80R200,1,MACS,200,Large,Coast,LargeCoast,LargeCoastSpring
VDEQ_BUG,Ref,TRUE,2-WRD005.40,2-WRD005.40_2009_Fall,2009,Fall,295,10/22/2009,Wards Creek at RT. 10 BRIDGE,37.21633333,-77.08119444,65,Southeastern Plains,65m,Rolling Coastal Plain,JL12,PRO,Piedmont,Wards Creek,T,JL,Wards Creek,208020603,James River Basin,2C,James-Lower,Prince George,149,20802060301,RL_2C_258336,III,,,,,4,NA,NA,NA,NA,NA,NA,NA,NA,NA,NA,NA,NA,NA,NA,NA,NA,NA,WRD160R200,1,MACS,200,Large,Coast,LargeCoast,LargeCoastFall
VDEQ_BUG,Ref,TRUE,2CSLM002.56,2CSLM002.56_2015_Spring,2015,Spring,124,5/4/2015,Route 650,37.40397222,-77.14913889,65,Southeastern Plains,65m,Rolling Coastal Plain,JL09,PRO,Piedmont,Herring Creek,T,JL,Herring Creek,208020602,James River Basin,2C,James-Lower,Charles City,36,20802060203,RL_2C_272457,III, ,,,,1,NA,NA,NA,NA,NA,NA,NA,NA,NA,NA,NA,NA,NA,NA,NA,NA,NA,SLM7292,1,MACS,200,Small,Coast,SmallCoast,SmallCoastSpring
VDEQ_BUG,Ref,TRUE,2CSLM002.56,2CSLM002.56_2015_Fall,2015,Fall,337,12/3/2015,Route 650,37.40397222,-77.14913889,65,Southeastern Plains,65m,Rolling Coastal Plain,JL09,PRO,Piedmont,Herring Creek,T,JL,Herring Creek,208020602,James River Basin,2C,James-Lower,Charles City,36,20802060203,RL_2C_272457,III, ,,,,1,NA,NA,NA,NA,NA,NA,NA,NA,NA,NA,NA,NA,NA,NA,NA,NA,NA,SLM8401,1,MACS,200,Small,Coast,SmallCoast,SmallCoastFall
VDEQ_BUG,Ref,TRUE,2CWRD005.82,2CWRD005.82_2016_Spring,2016,Spring,118,4/27/2016,0.42 miles upstream Rt. 10,37.21333333,-77.08597222,65,Southeastern Plains,65m,Rolling Coastal Plain,JL12,PRO,Piedmont,Wards Creek,T,JL,Wards Creek,208020603,James River Basin,2C,James-Lower,Prince George,149,20802060301,RL_2C_258192,III,,,,,4,NA,15.51191829,0,43,24.7379429,8.219378621,43,0,10.92611027,1.932631758,1.345553034,10.92611027,3381.38,1129.15,133.1252687,44.45474842,NA,WRD8743,1,MACS,200,Large,Coast,LargeCoast,LargeCoastSpring
VDEQ_BUG,Ref,TRUE,2CWRD005.82,2CWRD005.82_2016_Fall,2016,Fall,279,10/5/2016,0.42 miles upstream Rt. 10,37.21333333,-77.08597222,65,Southeastern Plains,65m,Rolling Coastal Plain,JL12,PRO,Piedmont,Wards Creek,T,JL,Wards Creek,208020603,James River Basin,2C,James-Lower,Prince George,149,20802060301,RL_2C_258192,III,,,,,4,NA,15.51191829,0,43,24.7379429,8.219378621,43,0,10.92611027,1.932631758,1.345553034,10.92611027,3381.38,1129.15,133.1252687,44.45474842,NA,WRD9168,1,MACS,200,Large,Coast,LargeCoast,LargeCoastFall
VDEQ_BUG,Ref,TRUE,3-BLD001.54,3-BLD001.54_2003_Spring,2003,Spring,87,3/28/2003,Belwood Swamp at Rt. 201,37.78,-76.49638889,65,Southeastern Plains,65m,Rolling Coastal Plain,RA70,PRO,Piedmont,Western Branch Corrotoman River,T,RA,Western Branch Corrotoman River,208010407,Rappahannock River Basin,3,Rappahannock,Lancaster,103,20801040701,RL_03_290157,III,,,,,2,NA,NA,NA,NA,NA,NA,NA,NA,NA,NA,NA,NA,NA,NA,NA,NA,NA,BLD1826,1,MACS,200,Small,Coast,SmallCoast,SmallCoastSpring
VDEQ_BUG,Ref,TRUE,3-BLD001.54,3-BLD001.54_2011_Spring,2011,Spring,83,3/24/2011,Belwood Swamp at Rt. 201,37.78,-76.49638889,65,Southeastern Plains,65m,Rolling Coastal Plain,RA70,PRO,Piedmont,Western Branch Corrotoman River,T,RA,Western Branch Corrotoman River,208010407,Rappahannock River Basin,3,Rappahannock,Lancaster,103,20801040701,RL_03_290157,III,,,,,2,NA,NA,NA,NA,NA,NA,NA,NA,NA,NA,NA,NA,NA,NA,NA,NA,NA,BLD2206,1,MACS,200,Small,Coast,SmallCoast,SmallCoastSpring
VDEQ_BUG,Ref,TRUE,3-BLD001.54,3-BLD001.54_2011_Fall,2011,Fall,284,10/11/2011,Belwood Swamp at Rt. 201,37.78,-76.49638889,65,Southeastern Plains,65m,Rolling Coastal Plain,RA70,PRO,Piedmont,Western Branch Corrotoman River,T,RA,Western Branch Corrotoman River,208010407,Rappahannock River Basin,3,Rappahannock,Lancaster,103,20801040701,RL_03_290157,III,,,,,2,NA,NA,NA,NA,NA,NA,NA,NA,NA,NA,NA,NA,NA,NA,NA,NA,NA,BLD2627,1,MACS,200,Small,Coast,SmallCoast,SmallCoastFall
VDEQ_BUG,Ref,TRUE,3-BMS002.00,3-BMS002.00_2010_Spring,2010,Spring,75,3/16/2010,Bookers Mill Stream at RT. 612,37.8925,-76.60472222,65,Southeastern Plains,65m,Rolling Coastal Plain,RA64,PRO,Piedmont,Totuskey Creek,T,RA,Totuskey Creek,208010405,Rappahannock River Basin,3,Rappahannock,Richmond,159,20801040502,RL_03_290839,III,,,,,2,NA,NA,NA,NA,NA,NA,NA,NA,NA,NA,NA,NA,NA,NA,NA,NA,NA,BMS1140,1,MACS,200,Small,Coast,SmallCoast,SmallCoastSpring
VDEQ_BUG,Ref,TRUE,3-BMS002.00,3-BMS002.00_2010_Fall,2010,Fall,326,11/22/2010,Bookers Mill Stream at RT. 612,37.8925,-76.60472222,65,Southeastern Plains,65m,Rolling Coastal Plain,RA64,PRO,Piedmont,Totuskey Creek,T,RA,Totuskey Creek,208010405,Rappahannock River Basin,3,Rappahannock,Richmond,159,20801040502,RL_03_290839,III,,,,,2,NA,NA,NA,NA,NA,NA,NA,NA,NA,NA,NA,NA,NA,NA,NA,NA,NA,BMS1667,1,MACS,200,Small,Coast,SmallCoast,SmallCoastFall
VDEQ_BUG,Ref,TRUE,3-CAT011.62,3-CAT011.62_2009_Spring,2009,Spring,160,6/9/2009,"Cat Point Creek, RT. 637 BRIDGE",38.03936111,-76.82686111,65,Southeastern Plains,65m,Rolling Coastal Plain,RA58,PRO,Piedmont,Cat Point Creek-Menokin Bay,T,RA,Menokin Bay-Cat Point Creek,208010404,Rappahannock River Basin,3,Rappahannock,Richmond,159,20801040402,RL_03_313678,VII,,,,,4,NA,NA,NA,NA,NA,NA,NA,NA,NA,NA,NA,NA,NA,NA,NA,NA,NA,CAT69R200,1,MACS,200,Large,Coast,LargeCoast,LargeCoastSpring
VDEQ_BUG,Ref,TRUE,3-CAT011.62,3-CAT011.62_2014_Spring,2014,Spring,111,4/21/2014,"Cat Point Creek, RT. 637 BRIDGE",38.03936111,-76.82686111,65,Southeastern Plains,65m,Rolling Coastal Plain,RA58,PRO,Piedmont,Cat Point Creek-Menokin Bay,T,RA,Menokin Bay-Cat Point Creek,208010404,Rappahannock River Basin,3,Rappahannock,Richmond,159,20801040402,RL_03_313678,VII,,,,,4,NA,NA,NA,NA,NA,NA,NA,NA,NA,NA,NA,NA,NA,NA,NA,NA,NA,CAT6054,1,MACS,200,Large,Coast,LargeCoast,LargeCoastSpring
VDEQ_BUG,Ref,TRUE,3-CAT011.62,3-CAT011.62_2014_Fall,2014,Fall,287,10/14/2014,"Cat Point Creek, RT. 637 BRIDGE",38.03936111,-76.82686111,65,Southeastern Plains,65m,Rolling Coastal Plain,RA58,PRO,Piedmont,Cat Point Creek-Menokin Bay,T,RA,Menokin Bay-Cat Point Creek,208010404,Rappahannock River Basin,3,Rappahannock,Richmond,159,20801040402,RL_03_313678,VII,,,,,4,NA,NA,NA,NA,NA,NA,NA,NA,NA,NA,NA,NA,NA,NA,NA,NA,NA,CAT6957,1,MACS,200,Large,Coast,LargeCoast,LargeCoastFall
VDEQ_BUG,Ref,TRUE,3-MTL006.47,3-MTL006.47_2018_Spring,2018,Spring,129,5/9/2018,2018 Probabilistic monitoring site,37.965556,-76.96,65,Southeastern Plains,65m,Rolling Coastal Plain,RA59,PRO,Piedmont,Mount Landing Creek,T,RA,Mount Landing Creek,208010404,Rappahannock River Basin,3,Rappahannock,Essex,57,20801040403,RL_03_288713,VII,,,,,3,NA,18.05519731,3,70,39.35030706,11.12732521,67,0,20.34250259,4.824741192,3.174087471,20.34250259,6489.4,1080.76,255.4883269,42.54962928,NA,MTL10814,1,MACS,200,Medium,Coast,MediumCoast,MediumCoastSpring
VDEQ_BUG,Ref,TRUE,3-MTL006.47,3-MTL006.47_2018_Fall,2018,Fall,269,9/26/2018,2018 Probabilistic monitoring site,37.965556,-76.96,65,Southeastern Plains,65m,Rolling Coastal Plain,RA59,PRO,Piedmont,Mount Landing Creek,T,RA,Mount Landing Creek,208010404,Rappahannock River Basin,3,Rappahannock,Essex,57,20801040403,RL_03_288713,VII,,,,,3,NA,18.05519731,3,70,39.35030706,11.12732521,67,0,20.34250259,4.824741192,3.174087471,20.34250259,6489.4,1080.76,255.4883269,42.54962928,NA,MTL11361,1,MACS,200,Medium,Coast,MediumCoast,MediumCoastFall
VDEQ_BUG,Ref,TRUE,3-NIC000.38,3-NIC000.38_2011_Spring,2011,Spring,103,4/13/2011,Nickleberry Swamp at Rt. 17 southbound,37.65683333,-76.65738889,65,Southeastern Plains,65m,Rolling Coastal Plain,RA69,PRO,Piedmont,Rappahannock River-Lagrange Creek,T,RA,Lagrange Creek-Rappahannock River,208010406,Rappahannock River Basin,3,Rappahannock,Middlesex,119,20801040603,RL_03_289474,III,,,,,2,NA,NA,NA,NA,NA,NA,NA,NA,NA,NA,NA,NA,NA,NA,NA,NA,NA,NIC1872,1,MACS,200,Small,Coast,SmallCoast,SmallCoastSpring
VDEQ_BUG,Ref,TRUE,3-NIC000.38,3-NIC000.38_2011_Fall,2011,Fall,291,10/18/2011,Nickleberry Swamp at Rt. 17 southbound,37.65683333,-76.65738889,65,Southeastern Plains,65m,Rolling Coastal Plain,RA69,PRO,Piedmont,Rappahannock River-Lagrange Creek,T,RA,Lagrange Creek-Rappahannock River,208010406,Rappahannock River Basin,3,Rappahannock,Middlesex,119,20801040603,RL_03_289474,III,,,,,2,NA,NA,NA,NA,NA,NA,NA,NA,NA,NA,NA,NA,NA,NA,NA,NA,NA,NIC2631,1,MACS,200,Small,Coast,SmallCoast,SmallCoastFall
VDEQ_BUG,Ref,TRUE,3-PIS008.15,3-PIS008.15_2012_Spring,2012,Spring,156,6/4/2012,"Piscataway Ck, Downstream of Rt 691 Brg",37.88161111,-76.88736111,65,Southeastern Plains,65m,Rolling Coastal Plain,RA61,PRO,Piedmont,Piscataway Creek,T,RA,Piscataway Creek,208010404,Rappahannock River Basin,3,Rappahannock,Essex,57,20801040405,RL_03_288267,III,,,,,3,NA,NA,NA,NA,NA,NA,NA,NA,NA,NA,NA,NA,NA,NA,NA,NA,NA,PIS3423,1,MACS,200,Medium,Coast,MediumCoast,MediumCoastSpring
VDEQ_BUG,Ref,TRUE,3-PIS008.15,3-PIS008.15_2012_Fall,2012,Fall,284,10/10/2012,"Piscataway Ck, Downstream of Rt 691 Brg",37.88161111,-76.88736111,65,Southeastern Plains,65m,Rolling Coastal Plain,RA61,PRO,Piedmont,Piscataway Creek,T,RA,Piscataway Creek,208010404,Rappahannock River Basin,3,Rappahannock,Essex,57,20801040405,RL_03_288267,III,,,,,3,NA,NA,NA,NA,NA,NA,NA,NA,NA,NA,NA,NA,NA,NA,NA,NA,NA,PIS3786,1,MACS,200,Medium,Coast,MediumCoast,MediumCoastFall
VDEQ_BUG,Ref,TRUE,3-PIS008.15,3-PIS008.15_2014_Spring,2014,Spring,111,4/21/2014,"Piscataway Ck, Downstream of Rt 691 Brg",37.88161111,-76.88736111,65,Southeastern Plains,65m,Rolling Coastal Plain,RA61,PRO,Piedmont,Piscataway Creek,T,RA,Piscataway Creek,208010404,Rappahannock River Basin,3,Rappahannock,Essex,57,20801040405,RL_03_288267,III,,,,,3,NA,NA,NA,NA,NA,NA,NA,NA,NA,NA,NA,NA,NA,NA,NA,NA,NA,PIS6058,1,MACS,200,Medium,Coast,MediumCoast,MediumCoastSpring
VDEQ_BUG,Ref,TRUE,3-PIS008.15,3-PIS008.15_2014_Fall,2014,Fall,287,10/14/2014,"Piscataway Ck, Downstream of Rt 691 Brg",37.88161111,-76.88736111,65,Southeastern Plains,65m,Rolling Coastal Plain,RA61,PRO,Piedmont,Piscataway Creek,T,RA,Piscataway Creek,208010404,Rappahannock River Basin,3,Rappahannock,Essex,57,20801040405,RL_03_288267,III,,,,,3,NA,NA,NA,NA,NA,NA,NA,NA,NA,NA,NA,NA,NA,NA,NA,NA,NA,PIS6737,1,MACS,200,Medium,Coast,MediumCoast,MediumCoastFall
VDEQ_BUG,Ref,TRUE,3-RUN000.13,3-RUN000.13_2011_Spring,2011,Spring,145,5/25/2011,Ruin Branch Just above Mouth,38.07888889,-76.8425,65,Southeastern Plains,65m,Rolling Coastal Plain,RA57,PRO,Piedmont,Cat Point Creek-The Big Swamp,N,RA,The Big Swamp-Cat Point Creek,208010404,Rappahannock River Basin,3,Rappahannock,Richmond,159,20801040401,RL_03_313754,VII,,,,,1,NA,NA,NA,NA,NA,NA,NA,NA,NA,NA,NA,NA,NA,NA,NA,NA,NA,RUN1874,1,MACS,200,Small,Coast,SmallCoast,SmallCoastSpring
VDEQ_BUG,Ref,TRUE,3-RUN000.13,3-RUN000.13_2011_Fall,2011,Fall,284,10/11/2011,Ruin Branch Just above Mouth,38.07888889,-76.8425,65,Southeastern Plains,65m,Rolling Coastal Plain,RA57,PRO,Piedmont,Cat Point Creek-The Big Swamp,N,RA,The Big Swamp-Cat Point Creek,208010404,Rappahannock River Basin,3,Rappahannock,Richmond,159,20801040401,RL_03_313754,VII,,,,,1,NA,NA,NA,NA,NA,NA,NA,NA,NA,NA,NA,NA,NA,NA,NA,NA,NA,RUN2240,1,MACS,200,Small,Coast,SmallCoast,SmallCoastFall
VDEQ_BUG,Ref,TRUE,3-TOT012.53,3-TOT012.53_2015_Spring,2015,Spring,147,5/27/2015,Totuskey Creek at Rt. 607,37.91006667,-76.61561944,65,Southeastern Plains,65m,Rolling Coastal Plain,RA64,PRO,Piedmont,Totuskey Creek,T,RA,Totuskey Creek,208010405,Rappahannock River Basin,3,Rappahannock,Richmond,159,20801040502,RL_03_290313,III,,,,,3,NA,NA,NA,NA,NA,NA,NA,NA,NA,NA,NA,NA,NA,NA,NA,NA,NA,TOT7575,1,MACS,200,Medium,Coast,MediumCoast,MediumCoastSpring
VDEQ_BUG,Ref,TRUE,3-TOT012.53,3-TOT012.53_2015_Fall,2015,Fall,313,11/9/2015,Totuskey Creek at Rt. 607,37.91006667,-76.61561944,65,Southeastern Plains,65m,Rolling Coastal Plain,RA64,PRO,Piedmont,Totuskey Creek,T,RA,Totuskey Creek,208010405,Rappahannock River Basin,3,Rappahannock,Richmond,159,20801040502,RL_03_290313,III,,,,,3,NA,NA,NA,NA,NA,NA,NA,NA,NA,NA,NA,NA,NA,NA,NA,NA,NA,TOT8243,1,MACS,200,Medium,Coast,MediumCoast,MediumCoastFall
VDEQ_BUG,Ref,TRUE,3-TOT012.53,3-TOT012.53_2017_Spring,2017,Spring,122,5/2/2017,Totuskey Creek at Rt. 607,37.91006667,-76.61561944,65,Southeastern Plains,65m,Rolling Coastal Plain,RA64,PRO,Piedmont,Totuskey Creek,T,RA,Totuskey Creek,208010405,Rappahannock River Basin,3,Rappahannock,Richmond,159,20801040502,RL_03_290313,III,,,,,3,NA,NA,NA,NA,NA,NA,NA,NA,NA,NA,NA,NA,NA,NA,NA,NA,NA,TOT10074,1,MACS,200,Medium,Coast,MediumCoast,MediumCoastSpring
VDEQ_BUG,Ref,TRUE,3-TOT012.53,3-TOT012.53_2017_Fall,2017,Fall,338,12/4/2017,Totuskey Creek at Rt. 607,37.91006667,-76.61561944,65,Southeastern Plains,65m,Rolling Coastal Plain,RA64,PRO,Piedmont,Totuskey Creek,T,RA,Totuskey Creek,208010405,Rappahannock River Basin,3,Rappahannock,Richmond,159,20801040502,RL_03_290313,III,,,,,3,NA,NA,NA,NA,NA,NA,NA,NA,NA,NA,NA,NA,NA,NA,NA,NA,NA,TOT10615,1,MACS,200,Medium,Coast,MediumCoast,MediumCoastFall
VDEQ_BUG,Ref,TRUE,5AASM017.27,5AASM017.27_2017_Spring,2017,Spring,72,3/13/2017,2017 Probabilistic station,36.95475,-77.137556,65,Southeastern Plains,65m,Rolling Coastal Plain,CU44,PRO,Piedmont,Assamoosick Swamp-Pigeon Swamp,N,CU,Pigeon Swamp-Assamoosick Swamp,301020111,Chowan and Dismal Swamp River Basin,5A,Chowan-Dismal,Sussex,183,30102011101,RL_5A_256554,VII,,,,,4,NA,29.23130634,13,48,31.98231648,6.121487875,35,0,10.8930769,1.669918683,1.243921299,10.8930769,9155.41,1146.52,360.4494072,45.13860705,NA,ASM10078,1,MACS,200,Large,Coast,LargeCoast,LargeCoastSpring
VDEQ_BUG,Ref,TRUE,5AASM017.27,5AASM017.27_2017_Fall,2017,Fall,290,10/17/2017,2017 Probabilistic station,36.95475,-77.137556,65,Southeastern Plains,65m,Rolling Coastal Plain,CU44,PRO,Piedmont,Assamoosick Swamp-Pigeon Swamp,N,CU,Pigeon Swamp-Assamoosick Swamp,301020111,Chowan and Dismal Swamp River Basin,5A,Chowan-Dismal,Sussex,183,30102011101,RL_5A_256554,VII,,,,,4,NA,29.23130634,13,48,31.98231648,6.121487875,35,0,10.8930769,1.669918683,1.243921299,10.8930769,9155.41,1146.52,360.4494072,45.13860705,NA,ASM10604,1,MACS,200,Large,Coast,LargeCoast,LargeCoastFall
VDEQ_BUG,Ref,TRUE,5AASM018.61,5AASM018.61_2010_Spring,2010,Spring,97,4/7/2010,0.34 miles below SR634,36.96991667,-77.14608333,65,Southeastern Plains,65m,Rolling Coastal Plain,CU44,PRO,Piedmont,Assamoosick Swamp-Pigeon Swamp,N,CU,Pigeon Swamp-Assamoosick Swamp,301020111,Chowan and Dismal Swamp River Basin,5A,Chowan-Dismal,Sussex,183,30102011101,RL_5A_256355,VII,,,,,4,4,NA,NA,NA,NA,NA,NA,NA,NA,NA,NA,NA,NA,NA,NA,NA,NA,ASM1118,1,MACS,200,Large,Coast,LargeCoast,LargeCoastSpring
VDEQ_BUG,Ref,TRUE,5ABLC002.00,5ABLC002.00_2017_Fall,2017,Fall,297,10/24/2017,.55 Miles from Rt. 635,36.783253,-76.892731,63,Middle Atlantic Coastal Plain,63e,Mid-Atlantic Flatwoods,CU67,TRO,Tidewater,Black Creek-Cattail Swamp,N,CU,Cattail Swamp-Black Creek,301020205,Chowan and Dismal Swamp River Basin,5A,Chowan-Dismal,Southampton,175,30102020502,RL_5A_261171,VII,NEW-21,,,,3,3,16.4459512,5,29,21.33478477,5.667032892,24,0,7.424377918,1.003379028,0.993892942,7.424377918,3568.57,1201.98,140.4949578,47.3220728,NA,PBBLCTRO3,1,MACS,200,Medium,Coast,MediumCoast,MediumCoastFall
Drew Report,Ref,NA,5ACHP002.03,5ACHP002.03_2005_Spring,2005,Spring,152,6/1/2005,Rt. 667 bridge,36.58913889,-76.81864167,63,Middle Atlantic Coastal Plain,63e,Mid-Atlantic Flatwoods,CL02,TRO,Tidewater,Somerton Creek-Chapel Swamp,N,CL,Chapel Swamp-Somerton Creek,301020301,Chowan and Dismal Swamp River Basin,5A,Chowan-Dismal,Suffolk,800,30102030102,RL_5A_259408,VII,,,,,2,NA,NA,NA,NA,NA,NA,NA,NA,NA,NA,NA,NA,NA,NA,NA,NA,NA,CHP2070,1,MACS,200,Small,Coast,SmallCoast,SmallCoastSpring
VDEQ_BUG,Ref,TRUE,5AFON013.87,5AFON013.87_2017_Fall,2017,Fall,291,10/18/2017,.5 mile downstream route 301,36.564028,-77.530611,65,Southeastern Plains,65m,Rolling Coastal Plain,CM27,PRO,Piedmont,Fontaine Creek-Mill Swamp,N,CM,Mill Swamp-Fontaine Creek,301020407,Chowan and Dismal Swamp River Basin,5A,Chowan-Dismal,Greensville,81,30102040706,RL_5A_247256,VII,,,,,4,NA,164.8064703,-21,130,68.50539217,21.16268883,151,0,39.86618423,2.403268391,1.626725417,39.86618423,54611.96,1122.23,2150.078326,44.18230732,NA,FON10617,1,MACS,200,Large,Coast,LargeCoast,LargeCoastFall
VDEQ_BUG,Ref,NA,5AFON025.64,5AFON025.64_2010_Spring,2010,Spring,110,4/20/2010,Fontaine Creek at ROUTE 639 BRIDGE,36.63647222,-77.58538889,65,Southeastern Plains,65m,Rolling Coastal Plain,CM24,PRO,Piedmont,Fontaine Creek-Cattail Creek,N,CM,Cattail Creek-Fontaine Creek,301020407,Chowan and Dismal Swamp River Basin,5A,Chowan-Dismal,Greensville,81,30102040703,RL_5A_146362,III,,,,,4,NA,NA,NA,NA,NA,NA,NA,NA,NA,NA,NA,NA,NA,NA,NA,NA,NA,FON1122,1,MACS,200,Large,Coast,LargeCoast,LargeCoastSpring
VDEQ_BUG,Ref,NA,5AFON025.64,5AFON025.64_2010_Fall,2010,Fall,321,11/17/2010,Fontaine Creek at ROUTE 639 BRIDGE,36.63647222,-77.58538889,65,Southeastern Plains,65m,Rolling Coastal Plain,CM24,PRO,Piedmont,Fontaine Creek-Cattail Creek,N,CM,Cattail Creek-Fontaine Creek,301020407,Chowan and Dismal Swamp River Basin,5A,Chowan-Dismal,Greensville,81,30102040703,RL_5A_146362,III,,,,,4,NA,NA,NA,NA,NA,NA,NA,NA,NA,NA,NA,NA,NA,NA,NA,NA,NA,FON1659,1,MACS,200,Large,Coast,LargeCoast,LargeCoastFall
VDEQ_BUG,Ref,TRUE,5AGRV000.08,5AGRV000.08_2013_Spring,2013,Spring,101,4/11/2013,"GRAVELLY RUN, RT. 670 BRIDGE",37.0945,-77.47488889,65,Southeastern Plains,65m,Rolling Coastal Plain,CU27,PRO,Piedmont,Gravelly Run,N,CU,Gravelly Run,301020107,Chowan and Dismal Swamp River Basin,5A,Chowan-Dismal,Dinwiddie,53,30102010702,RL_5A_254161,VII,,,,,3,NA,NA,NA,NA,NA,NA,NA,NA,NA,NA,NA,NA,NA,NA,NA,NA,NA,GRV4912,1,MACS,200,Medium,Coast,MediumCoast,MediumCoastSpring
VDEQ_BUG,Ref,TRUE,5AGRV000.08,5AGRV000.08_2013_Fall,2013,Fall,339,12/5/2013,"GRAVELLY RUN, RT. 670 BRIDGE",37.0945,-77.47488889,65,Southeastern Plains,65m,Rolling Coastal Plain,CU27,PRO,Piedmont,Gravelly Run,N,CU,Gravelly Run,301020107,Chowan and Dismal Swamp River Basin,5A,Chowan-Dismal,Dinwiddie,53,30102010702,RL_5A_254161,VII,,,,,3,NA,NA,NA,NA,NA,NA,NA,NA,NA,NA,NA,NA,NA,NA,NA,NA,NA,GRV5586,1,MACS,200,Medium,Coast,MediumCoast,MediumCoastFall
VDEQ_BUG,Ref,TRUE,5AGRV000.08,5AGRV000.08_2019_Spring,2019,Spring,94,4/4/2019,"GRAVELLY RUN, RT. 670 BRIDGE",37.0945,-77.47488889,65,Southeastern Plains,65m,Rolling Coastal Plain,CU27,PRO,Piedmont,Gravelly Run,N,CU,Gravelly Run,301020107,Chowan and Dismal Swamp River Basin,5A,Chowan-Dismal,Dinwiddie,53,30102010702,RL_5A_254161,VII,,,,,3,NA,NA,NA,NA,NA,NA,NA,NA,NA,NA,NA,NA,NA,NA,NA,NA,NA,GRV12190,1,MACS,200,Medium,Coast,MediumCoast,MediumCoastSpring
VDEQ_BUG,Ref,TRUE,5AGRV001.59,5AGRV001.59_2019_Spring,2019,Spring,113,4/23/2019,Gravelly Run N of Old vaughan rd,37.102569,-77.494128,65,Southeastern Plains,65m,Rolling Coastal Plain,CU27,PRO,Piedmont,Gravelly Run,N,CU,Gravelly Run,301020107,Chowan and Dismal Swamp River Basin,5A,Chowan-Dismal,Dinwiddie,53,30102010702,RL_5A_254166,VII,,,,,3,NA,NA,NA,NA,NA,NA,NA,NA,NA,NA,NA,NA,NA,NA,NA,NA,NA,GRV12155,1,MACS,200,Medium,Coast,MediumCoast,MediumCoastSpring
VDEQ_BUG,Ref,TRUE,5AGRV001.59,5AGRV001.59_2019_Fall,2019,Fall,274,10/1/2019,Gravelly Run N of Old vaughan rd,37.102569,-77.494128,65,Southeastern Plains,65m,Rolling Coastal Plain,CU27,PRO,Piedmont,Gravelly Run,N,CU,Gravelly Run,301020107,Chowan and Dismal Swamp River Basin,5A,Chowan-Dismal,Dinwiddie,53,30102010702,RL_5A_254166,VII,,,,,3,NA,NA,NA,NA,NA,NA,NA,NA,NA,NA,NA,NA,NA,NA,NA,NA,NA,GRV12683,1,MACS,200,Medium,Coast,MediumCoast,MediumCoastFall
VDEQ_BUG,Ref,TRUE,5AHRA005.94,5AHRA005.94_2013_Spring,2013,Spring,164,6/13/2013,0.3 miles Upstream Steers Millpond,37.13788889,-77.50030556,65,Southeastern Plains,65m,Rolling Coastal Plain,CU26,PRO,Piedmont,Hatcher Run,N,CU,Hatcher Run,301020107,Chowan and Dismal Swamp River Basin,5A,Chowan-Dismal,Dinwiddie,53,30102010701,RL_5A_254201,VII,,,,,3,3,31.10646371,40,103,73.63535839,12.50608341,63,0,19.93779564,2.422103639,1.549753561,19.93779564,9983.18,1116.88,393.0387949,43.97167729,NA,HRA4946,1,MACS,200,Medium,Coast,MediumCoast,MediumCoastSpring
VDEQ_BUG,Ref,TRUE,5AHRA005.94,5AHRA005.94_2013_Fall,2013,Fall,252,9/9/2013,0.3 miles Upstream Steers Millpond,37.13788889,-77.50030556,65,Southeastern Plains,65m,Rolling Coastal Plain,CU26,PRO,Piedmont,Hatcher Run,N,CU,Hatcher Run,301020107,Chowan and Dismal Swamp River Basin,5A,Chowan-Dismal,Dinwiddie,53,30102010701,RL_5A_254201,VII,,,,,3,3,31.10646371,40,103,73.63535839,12.50608341,63,0,19.93779564,2.422103639,1.549753561,19.93779564,9983.18,1116.88,393.0387949,43.97167729,NA,HRA5708,1,MACS,200,Medium,Coast,MediumCoast,MediumCoastFall
VDEQ_BUG,Ref,TRUE,5AJNH001.73,5AJNH001.73_2013_Spring,2013,Spring,105,4/15/2013,"JONES HOLE SWAMP, RT. 637 BRIDGE",37.03,-77.31472222,65,Southeastern Plains,65m,Rolling Coastal Plain,CU29,PRO,Piedmont,Moores Swamp-Jones Hole Swamp,N,CU,Jones Hole Swamp-Moores Swamp,301020108,Chowan and Dismal Swamp River Basin,5A,Chowan-Dismal,Sussex,183,30102010801,RL_5A_253947,VII,,,,,3,NA,NA,NA,NA,NA,NA,NA,NA,NA,NA,NA,NA,NA,NA,NA,NA,NA,JNH4914,1,MACS,200,Medium,Coast,MediumCoast,MediumCoastSpring
VDEQ_BUG,Ref,TRUE,5AMRN000.38,5AMRN000.38_2009_Spring,2009,Spring,154,6/3/2009,Mill Run at Rt. 35 near Sebrell,36.76991667,-77.09525,63,Middle Atlantic Coastal Plain,63e,Mid-Atlantic Flatwoods,CU46,PRO,Piedmont,Assamoosick Swamp-Mill Run,N,CU,Mill Run-Assamoosick Swamp,301020111,Chowan and Dismal Swamp River Basin,5A,Chowan-Dismal,Southampton,175,30102011103,RL_5A_251677,III,,,,,3,NA,NA,NA,NA,NA,NA,NA,NA,NA,NA,NA,NA,NA,NA,NA,NA,NA,MRN79R200,1,MACS,200,Medium,Coast,MediumCoast,MediumCoastSpring
VDEQ_BUG,Ref,TRUE,5AMRN000.38,5AMRN000.38_2019_Spring,2019,Spring,102,4/12/2019,Mill Run at Rt. 35 near Sebrell,36.76991667,-77.09525,63,Middle Atlantic Coastal Plain,63e,Mid-Atlantic Flatwoods,CU46,PRO,Piedmont,Assamoosick Swamp-Mill Run,N,CU,Mill Run-Assamoosick Swamp,301020111,Chowan and Dismal Swamp River Basin,5A,Chowan-Dismal,Southampton,175,30102011103,RL_5A_251677,III,,,,,3,NA,NA,NA,NA,NA,NA,NA,NA,NA,NA,NA,NA,NA,NA,NA,NA,NA,MRN12188,1,MACS,200,Medium,Coast,MediumCoast,MediumCoastSpring
VDEQ_BUG,Ref,TRUE,5ANTW054.10,5ANTW054.10_2014_Spring,2014,Spring,149,5/29/2014,1.27 miles upstream Rt. 40,36.94,-77.208,65,Southeastern Plains,65m,Rolling Coastal Plain,CU32,PRO,Piedmont,Nottoway River-Austin Branch,N,CU,Austin Branch-Nottoway River,301020109,Chowan and Dismal Swamp River Basin,5A,Chowan-Dismal,Sussex,183,30102010901,RL_5A_255919,III,,,,,5,5,1071.068685,6,199,81.74791108,39.12297157,193,0,27.95808029,2.631604229,1.900984499,27.95808029,329144.17,1147.42,12958.43889,45.17404014,NA,NTW6187,1,MACS,200,Large,Coast,LargeCoast,LargeCoastSpring
VDEQ_BUG,Ref,TRUE,5ANTW066.95,5ANTW066.95_2012_Spring,2012,Spring,144,5/23/2012,"0.61 miles US Rt. 637, 50 M US Gosee SW",36.98819444,-77.323,65,Southeastern Plains,65m,Rolling Coastal Plain,CU30,PRO,Piedmont,Nottoway River-Cabin Point Swamp,N,CU,Cabin Point Swamp-Nottoway River,301020108,Chowan and Dismal Swamp River Basin,5A,Chowan-Dismal,Sussex,183,30102010802,RL_5A_254050,III,,,,,6,NA,NA,NA,NA,NA,NA,NA,NA,NA,NA,NA,NA,NA,NA,NA,NA,NA,NTW3360,1,MACS,200,Large,Coast,LargeCoast,LargeCoastSpring
VDEQ_BUG,Ref,TRUE,5ANTW066.95,5ANTW066.95_2014_Spring,2014,Spring,153,6/2/2014,"0.61 miles US Rt. 637, 50 M US Gosee SW",36.98819444,-77.323,65,Southeastern Plains,65m,Rolling Coastal Plain,CU30,PRO,Piedmont,Nottoway River-Cabin Point Swamp,N,CU,Cabin Point Swamp-Nottoway River,301020108,Chowan and Dismal Swamp River Basin,5A,Chowan-Dismal,Sussex,183,30102010802,RL_5A_254050,III,,,,,5,NA,971.0189451,12,199,87.12530124,36.99738794,187,0,27.95808029,2.739819975,1.919873227,27.95808029,296105.53,1148.02,11657.70433,45.1976622,NA,NTW6082,1,MACS,200,Large,Coast,LargeCoast,LargeCoastSpring
VDEQ_BUG,Ref,TRUE,5ANTW078.20,5ANTW078.20_2013_Spring,2013,Spring,149,5/29/2013,RT. 301 BRIDGE S OF STONY CREEK,36.89897222,-77.40052778,65,Southeastern Plains,65m,Rolling Coastal Plain,CU18,PRO,Piedmont,Nottoway River-Island Swamp,N,CU,Island Swamp-Nottoway River,301020104,Chowan and Dismal Swamp River Basin,5A,Chowan-Dismal,Sussex,183,30102010404,RL_5A_253381,III,,,,,5,NA,NA,NA,NA,NA,NA,NA,NA,NA,NA,NA,NA,NA,NA,NA,NA,NA,NTW4922,1,MACS,200,Large,Coast,LargeCoast,LargeCoastSpring
VDEQ_BUG,Ref,TRUE,5ANTW078.20,5ANTW078.20_2013_Fall,2013,Fall,339,12/5/2013,RT. 301 BRIDGE S OF STONY CREEK,36.89897222,-77.40052778,65,Southeastern Plains,65m,Rolling Coastal Plain,CU18,PRO,Piedmont,Nottoway River-Island Swamp,N,CU,Island Swamp-Nottoway River,301020104,Chowan and Dismal Swamp River Basin,5A,Chowan-Dismal,Sussex,183,30102010404,RL_5A_253381,III,,,,,5,NA,NA,NA,NA,NA,NA,NA,NA,NA,NA,NA,NA,NA,NA,NA,NA,NA,NTW5582,1,MACS,200,Large,Coast,LargeCoast,LargeCoastFall
VDEQ_BUG,Ref,TRUE,5AOTR008.07,5AOTR008.07_2014_Spring,2014,Spring,80,3/21/2014,"Otterdam Swamp, Rt. 602 Crossing",37.12888889,-77.12305556,65,Southeastern Plains,65m,Rolling Coastal Plain,CU56,PRO,Piedmont,Otterdam Swamp,N,CU,Otterdam Swamp,301020202,Chowan and Dismal Swamp River Basin,5A,Chowan-Dismal,Surry,181,30102020202,RL_5A_257817,VII,,,,,2,2,NA,NA,NA,NA,NA,NA,NA,NA,NA,NA,NA,NA,NA,NA,NA,NA,OTR6068,1,MACS,200,Small,Coast,SmallCoast,SmallCoastSpring
VDEQ_BUG,Ref,TRUE,5AROW007.62,5AROW007.62_2010_Spring,2010,Spring,102,4/12/2010,1.0 mile downstream of SR668,37.03616667,-77.42325,65,Southeastern Plains,65m,Rolling Coastal Plain,CU28,PRO,Piedmont,Rowanty Creek,N,CU,Rowanty Creek,301020107,Chowan and Dismal Swamp River Basin,5A,Chowan-Dismal,Dinwiddie,53,30102010703,RL_5A_252906,VII,,,,,4,NA,99.74143528,23,103,57.89919046,17.16107922,80,0,19.93779564,2.000702259,1.524461059,19.93779564,30132.01,1135.51,1186.300247,44.70514225,NA,ROW1146,1,MACS,200,Large,Coast,LargeCoast,LargeCoastSpring
VDEQ_BUG,Ref,TRUE,5AROW007.62,5AROW007.62_2010_Fall,2010,Fall,291,10/18/2010,1.0 mile downstream of SR668,37.03616667,-77.42325,65,Southeastern Plains,65m,Rolling Coastal Plain,CU28,PRO,Piedmont,Rowanty Creek,N,CU,Rowanty Creek,301020107,Chowan and Dismal Swamp River Basin,5A,Chowan-Dismal,Dinwiddie,53,30102010703,RL_5A_252906,VII,,,,,4,NA,99.74143528,23,103,57.89919046,17.16107922,80,0,19.93779564,2.000702259,1.524461059,19.93779564,30132.01,1135.51,1186.300247,44.70514225,NA,ROW1642,1,MACS,200,Large,Coast,LargeCoast,LargeCoastFall
VDEQ_BUG,Ref,TRUE,5AXED000.75,5AXED000.75_2012_Spring,2012,Spring,159,6/7/2012,3/4 mile upstream of Rt 635,36.8219,-76.8915,63,Middle Atlantic Coastal Plain,63e,Mid-Atlantic Flatwoods,CU65,TRO,Tidewater,Seacock Swamp-Round Hill Swamp,N,CU,Round Hill Swamp-Seacock Swamp,301020204,Chowan and Dismal Swamp River Basin,5A,Chowan-Dismal,Southampton,175,30102020403,RL_5A_261647,VII,,,,,1,1,2.445238144,7,26,20.784475,4.058086671,19,0,5.836705208,0.984046355,0.979629322,5.836705208,1191.77,1191.77,46.92010408,46.92010408,NA,PBXEDTRO1,1,MACS,200,Small,Coast,SmallCoast,SmallCoastSpring
VDEQ_BUG,Ref,TRUE,5AXED000.75,5AXED000.75_2012_Fall,2012,Fall,306,11/1/2012,3/4 mile upstream of Rt 635,36.8219,-76.8915,63,Middle Atlantic Coastal Plain,63e,Mid-Atlantic Flatwoods,CU65,TRO,Tidewater,Seacock Swamp-Round Hill Swamp,N,CU,Round Hill Swamp-Seacock Swamp,301020204,Chowan and Dismal Swamp River Basin,5A,Chowan-Dismal,Southampton,175,30102020403,RL_5A_261647,VII,,,,,1,1,2.445238144,7,26,20.784475,4.058086671,19,0,5.836705208,0.984046355,0.979629322,5.836705208,1191.77,1191.77,46.92010408,46.92010408,NA,PBXEDTRO2A,1,MACS,200,Small,Coast,SmallCoast,SmallCoastFall
VDEQ_BUG,Ref,TRUE,5AXNOTc000.04,5AXNOTc000.04_2019_Spring,2019,Spring,101,4/11/2019,UNT Nottoway River,36.913042,-77.219078,65,Southeastern Plains,65m,Rolling Coastal Plain,CU32,PRO,Piedmont,Nottoway River-Austin Branch,N,CU,Austin Branch-Nottoway River,301020109,Chowan and Dismal Swamp River Basin,5A,Chowan-Dismal,Sussex,183,30102010901,RL_5A_255635,III,,,,,1,NA,NA,NA,NA,NA,NA,NA,NA,NA,NA,NA,NA,NA,NA,NA,NA,NA,XNOTC12192,1,MACS,200,Small,Coast,SmallCoast,SmallCoastSpring
VDEQ_BUG,Ref,TRUE,7-ASW008.88,7-ASW008.88_2011_Fall,2011,Fall,306,11/2/2011,RT. 695 BRIDGE,37.89388889,-75.52916667,63,Middle Atlantic Coastal Plain,63f,Delmarva Uplands,AO08,TRO,Tidewater,Assawoman Inlet,T,AO,Assawoman Inlet,204030401,Ches. Bay and Small Coastal Basin,7C,Small Coastal,Accomack,1,20403040101,RL_7C_302667,III,,,,,1,2,NA,NA,NA,NA,NA,NA,NA,NA,NA,NA,NA,NA,NA,NA,NA,NA,ASWTRO2,1,MACS,200,Small,Coast,SmallCoast,SmallCoastFall
VDEQ_BUG,Ref,TRUE,7-ASW008.88,7-ASW008.88_2013_Fall,2013,Fall,296,10/23/2013,RT. 695 BRIDGE,37.89388889,-75.52916667,63,Middle Atlantic Coastal Plain,63f,Delmarva Uplands,AO08,TRO,Tidewater,Assawoman Inlet,T,AO,Assawoman Inlet,204030401,Ches. Bay and Small Coastal Basin,7C,Small Coastal,Accomack,1,20403040101,RL_7C_302667,III,,,,,1,2,NA,NA,NA,NA,NA,NA,NA,NA,NA,NA,NA,NA,NA,NA,NA,NA,ASWTRO3,1,MACS,200,Small,Coast,SmallCoast,SmallCoastFall
VDEQ_BUG,Ref,TRUE,7-ASW008.88,7-ASW008.88_2014_Spring,2014,Spring,149,5/29/2014,RT. 695 BRIDGE,37.89388889,-75.52916667,63,Middle Atlantic Coastal Plain,63f,Delmarva Uplands,AO08,TRO,Tidewater,Assawoman Inlet,T,AO,Assawoman Inlet,204030401,Ches. Bay and Small Coastal Basin,7C,Small Coastal,Accomack,1,20403040101,RL_7C_302667,III,,,,,1,2,NA,NA,NA,NA,NA,NA,NA,NA,NA,NA,NA,NA,NA,NA,NA,NA,ASWTRO4,1,MACS,200,Small,Coast,SmallCoast,SmallCoastSpring
VDEQ_BUG,Ref,TRUE,7-ASW008.88,7-ASW008.88_2020_Spring,2020,Spring,142,5/21/2020,RT. 695 BRIDGE,37.89388889,-75.52916667,63,Middle Atlantic Coastal Plain,63f,Delmarva Uplands,AO08,TRO,Tidewater,Assawoman Inlet,T,AO,Assawoman Inlet,204030401,Ches. Bay and Small Coastal Basin,7C,Small Coastal,Accomack,1,20403040101,RL_7C_302667,III,,,,,1,2,NA,NA,NA,NA,NA,NA,NA,NA,NA,NA,NA,NA,NA,NA,NA,NA,ASW19408,1,MACS,200,Small,Coast,SmallCoast,SmallCoastSpring
VDEQ_BUG,Ref,TRUE,7-CMS002.00,7-CMS002.00_2009_Spring,2009,Spring,160,6/9/2009,"CRABBE MILL STREAM, RT. 201",37.89916667,-76.46805556,65,Southeastern Plains,65m,Rolling Coastal Plain,CB02,PRO,Piedmont,Great Wicomico River,T,CB,Great Wicomico River,208010201,Ches. Bay and Small Coastal Basin,7A,Small Coastal,Northumberland,133,20801020102,RL_7A_300541,III,,,,,1,NA,NA,NA,NA,NA,NA,NA,NA,NA,NA,NA,NA,NA,NA,NA,NA,NA,CMS15R200,1,MACS,200,Small,Coast,SmallCoast,SmallCoastSpring
VDEQ_BUG,Ref,TRUE,7-CMS002.00,7-CMS002.00_2009_Fall,2009,Fall,307,11/3/2009,"CRABBE MILL STREAM, RT. 201",37.89916667,-76.46805556,65,Southeastern Plains,65m,Rolling Coastal Plain,CB02,PRO,Piedmont,Great Wicomico River,T,CB,Great Wicomico River,208010201,Ches. Bay and Small Coastal Basin,7A,Small Coastal,Northumberland,133,20801020102,RL_7A_300541,III,,,,,1,NA,NA,NA,NA,NA,NA,NA,NA,NA,NA,NA,NA,NA,NA,NA,NA,NA,CMS174,1,MACS,200,Small,Coast,SmallCoast,SmallCoastFall
VDEQ_BUG,Ref,TRUE,7-FRB001.94,7-FRB001.94_2014_Spring,2014,Spring,149,5/29/2014,upstream from Rt 600,37.59861111,-75.74694444,63,Middle Atlantic Coastal Plain,63d,Virginian Barrier Islands and Coastal Marshes,AO14,TRO,Tidewater,Machipongo River,T,AO,Machipongo River,204030402,Ches. Bay and Small Coastal Basin,7C,Small Coastal,Accomack,1,20403040202,RL_7C_301934,III,,,,,1,2,NA,NA,NA,NA,NA,NA,NA,NA,NA,NA,NA,NA,NA,NA,NA,NA,FRBTRO4,1,MACS,200,Small,Coast,SmallCoast,SmallCoastSpring
VDEQ_BUG,Ref,TRUE,7-FRB001.94,7-FRB001.94_2016_Fall,2016,Fall,294,10/20/2016,upstream from Rt 600,37.59861111,-75.74694444,63,Middle Atlantic Coastal Plain,63d,Virginian Barrier Islands and Coastal Marshes,AO14,TRO,Tidewater,Machipongo River,T,AO,Machipongo River,204030402,Ches. Bay and Small Coastal Basin,7C,Small Coastal,Accomack,1,20403040202,RL_7C_301934,III,,,,,1,2,NA,NA,NA,NA,NA,NA,NA,NA,NA,NA,NA,NA,NA,NA,NA,NA,FRBTRO5A,1,MACS,200,Small,Coast,SmallCoast,SmallCoastFall
VDEQ_BUG,Ref,TRUE,7-FRB001.94,7-FRB001.94_2017_Spring,2017,Spring,158,6/7/2017,upstream from Rt 600,37.59861111,-75.74694444,63,Middle Atlantic Coastal Plain,63d,Virginian Barrier Islands and Coastal Marshes,AO14,TRO,Tidewater,Machipongo River,T,AO,Machipongo River,204030402,Ches. Bay and Small Coastal Basin,7C,Small Coastal,Accomack,1,20403040202,RL_7C_301934,III,,,,,1,2,NA,NA,NA,NA,NA,NA,NA,NA,NA,NA,NA,NA,NA,NA,NA,NA,FRBTRO6,1,MACS,200,Small,Coast,SmallCoast,SmallCoastSpring
VDEQ_BUG,Ref,TRUE,7-FRB001.94,7-FRB001.94_2019_Fall,2019,Fall,338,12/4/2019,upstream from Rt 600,37.59861111,-75.74694444,63,Middle Atlantic Coastal Plain,63d,Virginian Barrier Islands and Coastal Marshes,AO14,TRO,Tidewater,Machipongo River,T,AO,Machipongo River,204030402,Ches. Bay and Small Coastal Basin,7C,Small Coastal,Accomack,1,20403040202,RL_7C_301934,III,,,,,1,2,NA,NA,NA,NA,NA,NA,NA,NA,NA,NA,NA,NA,NA,NA,NA,NA,FRBTRO7A,1,MACS,200,Small,Coast,SmallCoast,SmallCoastFall
Drew Report,Ref,NA,7-GRS002.29,7-GRS002.29_2009_Spring,2009,Spring,141,5/21/2009,300 ft. upstream from Rt. 600,37.49405556,-75.83075,63,Middle Atlantic Coastal Plain,63f,Delmarva Uplands,AO14,TRO,Tidewater,Machipongo River,T,AO,Machipongo River,204030402,Ches. Bay and Small Coastal Basin,7C,Small Coastal,Northampton,131,20403040202,RL_7C_301155,III,,,,,1,1,NA,NA,NA,NA,NA,NA,NA,NA,NA,NA,NA,NA,NA,NA,NA,NA,GRSTRO21R200,1,MACS,200,Small,Coast,SmallCoast,SmallCoastSpring
Drew Report,Ref,NA,7-GRS002.29,7-GRS002.29_2009_Fall,2009,Fall,301,10/28/2009,300 ft. upstream from Rt. 600,37.49405556,-75.83075,63,Middle Atlantic Coastal Plain,63f,Delmarva Uplands,AO14,TRO,Tidewater,Machipongo River,T,AO,Machipongo River,204030402,Ches. Bay and Small Coastal Basin,7C,Small Coastal,Northampton,131,20403040202,RL_7C_301155,III,,,,,1,1,NA,NA,NA,NA,NA,NA,NA,NA,NA,NA,NA,NA,NA,NA,NA,NA,GRSTRO22R200,1,MACS,200,Small,Coast,SmallCoast,SmallCoastFall
Drew Report,Ref,NA,7-GRS002.29,7-GRS002.29_2020_Spring,2020,Spring,141,5/20/2020,300 ft. upstream from Rt. 600,37.49405556,-75.83075,63,Middle Atlantic Coastal Plain,63f,Delmarva Uplands,AO14,TRO,Tidewater,Machipongo River,T,AO,Machipongo River,204030402,Ches. Bay and Small Coastal Basin,7C,Small Coastal,Northampton,131,20403040202,RL_7C_301155,III,,,,,1,1,NA,NA,NA,NA,NA,NA,NA,NA,NA,NA,NA,NA,NA,NA,NA,NA,GRS19413,1,MACS,200,Small,Coast,SmallCoast,SmallCoastSpring
Drew Report,Ref,TRUE,7-XCY000.46,7-XCY000.46_2010_Spring,2010,Spring,75,3/16/2010,"UNNAMED TRIB. TO BUSHMILL STR @RM3.81, R",37.866368,-76.482848,65,Southeastern Plains,65m,Rolling Coastal Plain,CB02,PRO,Piedmont,Great Wicomico River,T,CB,Great Wicomico River,208010201,Ches. Bay and Small Coastal Basin,7A,Small Coastal,Northumberland,133,20801020102,RL_7A_291242,III,,,,,2,NA,NA,NA,NA,NA,NA,NA,NA,NA,NA,NA,NA,NA,NA,NA,NA,NA,XCY1142,1,MACS,200,Small,Coast,SmallCoast,SmallCoastSpring
Drew Report,Ref,TRUE,7-XCY000.46,7-XCY000.46_2010_Fall,2010,Fall,326,11/22/2010,"UNNAMED TRIB. TO BUSHMILL STR @RM3.81, R",37.866368,-76.482848,65,Southeastern Plains,65m,Rolling Coastal Plain,CB02,PRO,Piedmont,Great Wicomico River,T,CB,Great Wicomico River,208010201,Ches. Bay and Small Coastal Basin,7A,Small Coastal,Northumberland,133,20801020102,RL_7A_291242,III,,,,,2,NA,NA,NA,NA,NA,NA,NA,NA,NA,NA,NA,NA,NA,NA,NA,NA,NA,XCY1514,1,MACS,200,Small,Coast,SmallCoast,SmallCoastFall
Drew Report,Ref,TRUE,7-XCY000.46,7-XCY000.46_2015_Spring,2015,Spring,147,5/27/2015,"UNNAMED TRIB. TO BUSHMILL STR @RM3.81, R",37.866368,-76.482848,65,Southeastern Plains,65m,Rolling Coastal Plain,CB02,PRO,Piedmont,Great Wicomico River,T,CB,Great Wicomico River,208010201,Ches. Bay and Small Coastal Basin,7A,Small Coastal,Northumberland,133,20801020102,RL_7A_291242,III,,,,,2,NA,NA,NA,NA,NA,NA,NA,NA,NA,NA,NA,NA,NA,NA,NA,NA,NA,XCY7577,1,MACS,200,Small,Coast,SmallCoast,SmallCoastSpring
Drew Report,Ref,TRUE,7-XCY000.46,7-XCY000.46_2015_Fall,2015,Fall,313,11/9/2015,"UNNAMED TRIB. TO BUSHMILL STR @RM3.81, R",37.866368,-76.482848,65,Southeastern Plains,65m,Rolling Coastal Plain,CB02,PRO,Piedmont,Great Wicomico River,T,CB,Great Wicomico River,208010201,Ches. Bay and Small Coastal Basin,7A,Small Coastal,Northumberland,133,20801020102,RL_7A_291242,III,,,,,2,NA,NA,NA,NA,NA,NA,NA,NA,NA,NA,NA,NA,NA,NA,NA,NA,NA,XCY8415,1,MACS,200,Small,Coast,SmallCoast,SmallCoastFall
VDEQ_BUG,Ref,TRUE,7-XEQ000.85,7-XEQ000.85_2011_Spring,2011,Spring,125,5/5/2011,Approx. 1 mile north of Ino off Rt. 604,37.77661111,-76.80580556,65,Southeastern Plains,65m,Rolling Coastal Plain,CB06,PRO,Piedmont,Dragon Swamp-Dragon Run,N,CB,Dragon Run-Dragon Swamp,208010202,Ches. Bay and Small Coastal Basin,7A,Small Coastal,King and Queen,97,20801020201,RL_7A_287621,VII,,,,,1,1,0.879536166,33,55,46.1130186,5.341714401,22,0,4.312201023,1.478136214,0.835178598,4.312201023,4390.11,1095.42,172.8390697,43.12679494,NA,XEQ2119,1,MACS,200,Small,Coast,SmallCoast,SmallCoastSpring
VDEQ_BUG,Ref,TRUE,7-XEQ000.85,7-XEQ000.85_2011_Fall,2011,Fall,272,9/29/2011,Approx. 1 mile north of Ino off Rt. 604,37.77661111,-76.80580556,65,Southeastern Plains,65m,Rolling Coastal Plain,CB06,PRO,Piedmont,Dragon Swamp-Dragon Run,N,CB,Dragon Run-Dragon Swamp,208010202,Ches. Bay and Small Coastal Basin,7A,Small Coastal,King and Queen,97,20801020201,RL_7A_287621,VII,,,,,1,1,0.879536166,33,55,46.1130186,5.341714401,22,0,4.312201023,1.478136214,0.835178598,4.312201023,4390.11,1095.42,172.8390697,43.12679494,NA,XEQ2614,1,MACS,200,Small,Coast,SmallCoast,SmallCoastFall
VDEQ_BUG,Ref,TRUE,8-BOT002.14,8-BOT002.14_2017_Spring,2017,Spring,67,3/8/2017,Rt. 600,37.877444,-77.248111,65,Southeastern Plains,65m,Rolling Coastal Plain,YO50,NRO,Northern,Mattaponi River-Union Swamp,N,YO,Union Swamp-Mattaponi River,208010503,York River Basin,8,York,Caroline,33,20801050303,RL_08_280054,III,,,,,2,2,NA,NA,NA,NA,NA,NA,NA,NA,NA,NA,NA,NA,NA,NA,NA,NA,BOT9870,1,MACS,200,Small,Coast,SmallCoast,SmallCoastSpring
VDEQ_BUG,Ref,TRUE,8-BOT002.14,8-BOT002.14_2017_Fall,2017,Fall,311,11/7/2017,Rt. 600,37.877444,-77.248111,65,Southeastern Plains,65m,Rolling Coastal Plain,YO50,NRO,Northern,Mattaponi River-Union Swamp,N,YO,Union Swamp-Mattaponi River,208010503,York River Basin,8,York,Caroline,33,20801050303,RL_08_280054,III,,,,,2,2,NA,NA,NA,NA,NA,NA,NA,NA,NA,NA,NA,NA,NA,NA,NA,NA,BOT10488,1,MACS,200,Small,Coast,SmallCoast,SmallCoastFall
VDEQ_BUG,Ref,TRUE,8-BOT002.14,8-BOT002.14_2018_Spring,2018,Spring,87,3/28/2018,Rt. 600,37.877444,-77.248111,65,Southeastern Plains,65m,Rolling Coastal Plain,YO50,NRO,Northern,Mattaponi River-Union Swamp,N,YO,Union Swamp-Mattaponi River,208010503,York River Basin,8,York,Caroline,33,20801050303,RL_08_280054,III,,,,,2,2,NA,NA,NA,NA,NA,NA,NA,NA,NA,NA,NA,NA,NA,NA,NA,NA,BOT11083,1,MACS,200,Small,Coast,SmallCoast,SmallCoastSpring
VDEQ_BUG,Ref,TRUE,8-BOT002.14,8-BOT002.14_2018_Fall,2018,Fall,284,10/11/2018,Rt. 600,37.877444,-77.248111,65,Southeastern Plains,65m,Rolling Coastal Plain,YO50,NRO,Northern,Mattaponi River-Union Swamp,N,YO,Union Swamp-Mattaponi River,208010503,York River Basin,8,York,Caroline,33,20801050303,RL_08_280054,III,,,,,2,2,NA,NA,NA,NA,NA,NA,NA,NA,NA,NA,NA,NA,NA,NA,NA,NA,BOT11607,1,MACS,200,Small,Coast,SmallCoast,SmallCoastFall
VDEQ_BUG,Ref,TRUE,8-CPL004.15,8-CPL004.15_2013_Spring,2013,Spring,114,4/24/2013,Rt. # 721   (Newtown Rd),37.84388889,-77.08972222,65,Southeastern Plains,65m,Rolling Coastal Plain,YO54,NRO,Northern,Chapel Creek,N,YO,Chapel Creek,208010505,York River Basin,8,York,King and Queen,97,20801050501,RL_08_281083,III,,,,,4,3,NA,NA,NA,NA,NA,NA,NA,NA,NA,NA,NA,NA,NA,NA,NA,NA,CPL4941,1,MACS,200,Large,Coast,LargeCoast,LargeCoastSpring
VDEQ_BUG,Ref,TRUE,8-CPL004.15,8-CPL004.15_2013_Fall,2013,Fall,294,10/21/2013,Rt. # 721   (Newtown Rd),37.84388889,-77.08972222,65,Southeastern Plains,65m,Rolling Coastal Plain,YO54,NRO,Northern,Chapel Creek,N,YO,Chapel Creek,208010505,York River Basin,8,York,King and Queen,97,20801050501,RL_08_281083,III,,,,,4,3,NA,NA,NA,NA,NA,NA,NA,NA,NA,NA,NA,NA,NA,NA,NA,NA,CPL5325,1,MACS,200,Large,Coast,LargeCoast,LargeCoastFall
VDEQ_BUG,Ref,TRUE,8-CPL004.15,8-CPL004.15_2014_Spring,2014,Spring,134,5/14/2014,Rt. # 721   (Newtown Rd),37.84388889,-77.08972222,65,Southeastern Plains,65m,Rolling Coastal Plain,YO54,NRO,Northern,Chapel Creek,N,YO,Chapel Creek,208010505,York River Basin,8,York,King and Queen,97,20801050501,RL_08_281083,III,,,,,4,3,NA,NA,NA,NA,NA,NA,NA,NA,NA,NA,NA,NA,NA,NA,NA,NA,CPL6104,1,MACS,200,Large,Coast,LargeCoast,LargeCoastSpring
VDEQ_BUG,Ref,TRUE,8-CPL004.15,8-CPL004.15_2014_Fall,2014,Fall,260,9/17/2014,Rt. # 721   (Newtown Rd),37.84388889,-77.08972222,65,Southeastern Plains,65m,Rolling Coastal Plain,YO54,NRO,Northern,Chapel Creek,N,YO,Chapel Creek,208010505,York River Basin,8,York,King and Queen,97,20801050501,RL_08_281083,III,,,,,4,3,NA,NA,NA,NA,NA,NA,NA,NA,NA,NA,NA,NA,NA,NA,NA,NA,CPL6808,1,MACS,200,Large,Coast,LargeCoast,LargeCoastFall
VDEQ_BUG,Ref,TRUE,8-DOC000.69,8-DOC000.69_2015_Spring,2015,Spring,97,4/7/2015,Rt. # 644   (Bagby Rd),37.95383611,-77.23305556,65,Southeastern Plains,65m,Rolling Coastal Plain,YO53,NRO,Northern,Maracossic Creek-Doctors Creek,N,YO,Doctors Creek-Maracossic Creek,208010504,York River Basin,8,York,Caroline,33,20801050403,RL_08_280531,III,,,,,2,2,NA,NA,NA,NA,NA,NA,NA,NA,NA,NA,NA,NA,NA,NA,NA,NA,DOC7557,1,MACS,200,Small,Coast,SmallCoast,SmallCoastSpring
VDEQ_BUG,Ref,TRUE,8-DOC000.69,8-DOC000.69_2015_Fall,2015,Fall,258,9/15/2015,Rt. # 644   (Bagby Rd),37.95383611,-77.23305556,65,Southeastern Plains,65m,Rolling Coastal Plain,YO53,NRO,Northern,Maracossic Creek-Doctors Creek,N,YO,Doctors Creek-Maracossic Creek,208010504,York River Basin,8,York,Caroline,33,20801050403,RL_08_280531,III,,,,,2,2,NA,NA,NA,NA,NA,NA,NA,NA,NA,NA,NA,NA,NA,NA,NA,NA,DOC7875,1,MACS,200,Small,Coast,SmallCoast,SmallCoastFall
VDEQ_BUG,Ref,TRUE,8-DOC000.69,8-DOC000.69_2016_Spring,2016,Spring,112,4/21/2016,Rt. # 644   (Bagby Rd),37.95383611,-77.23305556,65,Southeastern Plains,65m,Rolling Coastal Plain,YO53,NRO,Northern,Maracossic Creek-Doctors Creek,N,YO,Doctors Creek-Maracossic Creek,208010504,York River Basin,8,York,Caroline,33,20801050403,RL_08_280531,III,,,,,2,2,NA,NA,NA,NA,NA,NA,NA,NA,NA,NA,NA,NA,NA,NA,NA,NA,DOC8246,1,MACS,200,Small,Coast,SmallCoast,SmallCoastSpring
VDEQ_BUG,Ref,TRUE,8-DOC000.69,8-DOC000.69_2016_Fall,2016,Fall,294,10/20/2016,Rt. # 644   (Bagby Rd),37.95383611,-77.23305556,65,Southeastern Plains,65m,Rolling Coastal Plain,YO53,NRO,Northern,Maracossic Creek-Doctors Creek,N,YO,Doctors Creek-Maracossic Creek,208010504,York River Basin,8,York,Caroline,33,20801050403,RL_08_280531,III,,,,,2,2,NA,NA,NA,NA,NA,NA,NA,NA,NA,NA,NA,NA,NA,NA,NA,NA,DOC8982,1,MACS,200,Small,Coast,SmallCoast,SmallCoastFall
VDEQ_BUG,Ref,TRUE,8-DRL004.27,8-DRL004.27_2017_Spring,2017,Spring,68,3/9/2017,Rt. # 604   (Herring Creek Rd),37.83055555,-77.25916667,65,Southeastern Plains,65m,Rolling Coastal Plain,YO56,NRO,Northern,Herring Creek,N,YO,Herring Creek,208010505,York River Basin,8,York,King William,101,20801050503,RL_08_279923,VII,,,,,2,2,NA,NA,NA,NA,NA,NA,NA,NA,NA,NA,NA,NA,NA,NA,NA,NA,DRL9708,1,MACS,200,Small,Coast,SmallCoast,SmallCoastSpring
VDEQ_BUG,Ref,TRUE,8-DRL004.27,8-DRL004.27_2017_Fall,2017,Fall,248,9/5/2017,Rt. # 604   (Herring Creek Rd),37.83055555,-77.25916667,65,Southeastern Plains,65m,Rolling Coastal Plain,YO56,NRO,Northern,Herring Creek,N,YO,Herring Creek,208010505,York River Basin,8,York,King William,101,20801050503,RL_08_279923,VII,,,,,2,2,NA,NA,NA,NA,NA,NA,NA,NA,NA,NA,NA,NA,NA,NA,NA,NA,DRL10250,1,MACS,200,Small,Coast,SmallCoast,SmallCoastFall
VDEQ_BUG,Ref,TRUE,8-DRL004.27,8-DRL004.27_2018_Fall,2018,Fall,318,11/14/2018,Rt. # 604   (Herring Creek Rd),37.83055555,-77.25916667,65,Southeastern Plains,65m,Rolling Coastal Plain,YO56,NRO,Northern,Herring Creek,N,YO,Herring Creek,208010505,York River Basin,8,York,King William,101,20801050503,RL_08_279923,VII,,,,,2,2,NA,NA,NA,NA,NA,NA,NA,NA,NA,NA,NA,NA,NA,NA,NA,NA,DRL11608,1,MACS,200,Small,Coast,SmallCoast,SmallCoastFall
VDEQ_BUG,Ref,TRUE,8-FBC002.92,8-FBC002.92_2017_Spring,2017,Spring,142,5/22/2017,0.33 miles downstream Rt. 608,37.82355,-77.20755,65,Southeastern Plains,65m,Rolling Coastal Plain,YO56,NRO,Northern,Herring Creek,N,YO,Herring Creek,208010505,York River Basin,8,York,King William,101,20801050503,RL_08_279930,VII,,,,,2,NA,8.448732341,24,75,51.91411362,8.41223536,51,0,16.40781021,3.494103457,2.576714209,16.40781021,3263.34,1088.5,128.4780221,42.85435385,NA,FBC9916,1,MACS,200,Small,Coast,SmallCoast,SmallCoastSpring
VDEQ_BUG,Ref,TRUE,8-FBC002.92,8-FBC002.92_2017_Fall,2017,Fall,304,10/31/2017,0.33 miles downstream Rt. 608,37.82355,-77.20755,65,Southeastern Plains,65m,Rolling Coastal Plain,YO56,NRO,Northern,Herring Creek,N,YO,Herring Creek,208010505,York River Basin,8,York,King William,101,20801050503,RL_08_279930,VII,,,,,2,NA,8.448732341,24,75,51.91411362,8.41223536,51,0,16.40781021,3.494103457,2.576714209,16.40781021,3263.34,1088.5,128.4780221,42.85435385,NA,FBC10502,1,MACS,200,Small,Coast,SmallCoast,SmallCoastFall
VDEQ_BUG,Ref,TRUE,8-LDN001.19,8-LDN001.19_2015_Spring,2015,Spring,126,5/6/2015,"London SWAMP, RT. 634",37.75888889,-77.04805556,65,Southeastern Plains,65m,Rolling Coastal Plain,YO57,PRO,Piedmont,Mattaponi River-Aylett Creek,T,YO,Aylett Creek-Mattaponi River,208010505,York River Basin,8,York,King and Queen,97,20801050504,RL_08_279762,III,,,,,2,NA,NA,NA,NA,NA,NA,NA,NA,NA,NA,NA,NA,NA,NA,NA,NA,NA,LDN7509,1,MACS,200,Small,Coast,SmallCoast,SmallCoastSpring
VDEQ_BUG,Ref,TRUE,8-LDN001.19,8-LDN001.19_2015_Fall,2015,Fall,327,11/23/2015,"London SWAMP, RT. 634",37.75888889,-77.04805556,65,Southeastern Plains,65m,Rolling Coastal Plain,YO57,PRO,Piedmont,Mattaponi River-Aylett Creek,T,YO,Aylett Creek-Mattaponi River,208010505,York River Basin,8,York,King and Queen,97,20801050504,RL_08_279762,III,,,,,2,NA,NA,NA,NA,NA,NA,NA,NA,NA,NA,NA,NA,NA,NA,NA,NA,NA,LDN8403,1,MACS,200,Small,Coast,SmallCoast,SmallCoastFall
VDEQ_BUG,Ref,TRUE,8-LTL009.54,8-LTL009.54_2015_Spring,2015,Spring,140,5/20/2015,"LITTLE RIVER, RT. 685 BRIDGE",37.87277778,-77.51361111,65,Southeastern Plains,65m,Rolling Coastal Plain,YO25,PRO,Piedmont,Lower Little River,N,YO,Lower Little River,208010607,York River Basin,8,York,Hanover,85,20801060702,RL_08_276950,III,,,,,4,NA,NA,NA,NA,NA,NA,NA,NA,NA,NA,NA,NA,NA,NA,NA,NA,NA,LTL7573,1,Riffle,200,Large,Coast,LargeCoast,LargeCoastSpring
VDEQ_BUG,Ref,TRUE,8-LTL009.54,8-LTL009.54_2015_Fall,2015,Fall,348,12/14/2015,"LITTLE RIVER, RT. 685 BRIDGE",37.87277778,-77.51361111,65,Southeastern Plains,65m,Rolling Coastal Plain,YO25,PRO,Piedmont,Lower Little River,N,YO,Lower Little River,208010607,York River Basin,8,York,Hanover,85,20801060702,RL_08_276950,III,,,,,4,NA,NA,NA,NA,NA,NA,NA,NA,NA,NA,NA,NA,NA,NA,NA,NA,NA,LTL009.54,1,Riffle,200,Large,Coast,LargeCoast,LargeCoastFall
VDEQ_BUG,Ref,TRUE,8-LTL009.54,8-LTL009.54_2017_Spring,2017,Spring,124,5/4/2017,"LITTLE RIVER, RT. 685 BRIDGE",37.87277778,-77.51361111,65,Southeastern Plains,65m,Rolling Coastal Plain,YO25,PRO,Piedmont,Lower Little River,N,YO,Lower Little River,208010607,York River Basin,8,York,Hanover,85,20801060702,RL_08_276950,III,,,,,4,NA,NA,NA,NA,NA,NA,NA,NA,NA,NA,NA,NA,NA,NA,NA,NA,NA,LTL10072,1,Riffle,200,Large,Coast,LargeCoast,LargeCoastSpring
VDEQ_BUG,Ref,TRUE,8-LTL009.54,8-LTL009.54_2017_Fall,2017,Fall,342,12/8/2017,"LITTLE RIVER, RT. 685 BRIDGE",37.87277778,-77.51361111,65,Southeastern Plains,65m,Rolling Coastal Plain,YO25,PRO,Piedmont,Lower Little River,N,YO,Lower Little River,208010607,York River Basin,8,York,Hanover,85,20801060702,RL_08_276950,III,,,,,4,NA,NA,NA,NA,NA,NA,NA,NA,NA,NA,NA,NA,NA,NA,NA,NA,NA,LTL10613,1,Riffle,200,Large,Coast,LargeCoast,LargeCoastFall
VDEQ_BUG,Ref,TRUE,8-MAR008.23,8-MAR008.23_2010_Spring,2010,Spring,166,6/15/2010,Rt. # 644   (Bagby Rd),37.95777778,-77.22516667,65,Southeastern Plains,65m,Rolling Coastal Plain,YO53,NRO,Northern,Maracossic Creek-Doctors Creek,N,YO,Doctors Creek-Maracossic Creek,208010504,York River Basin,8,York,Caroline,33,20801050403,RL_08_280395,III,,,,,4,4,NA,NA,NA,NA,NA,NA,NA,NA,NA,NA,NA,NA,NA,NA,NA,NA,MAR694,1,MACS,200,Large,Coast,LargeCoast,LargeCoastSpring
VDEQ_BUG,Ref,TRUE,8-MAR008.23,8-MAR008.23_2010_Fall,2010,Fall,279,10/6/2010,Rt. # 644   (Bagby Rd),37.95777778,-77.22516667,65,Southeastern Plains,65m,Rolling Coastal Plain,YO53,NRO,Northern,Maracossic Creek-Doctors Creek,N,YO,Doctors Creek-Maracossic Creek,208010504,York River Basin,8,York,Caroline,33,20801050403,RL_08_280395,III,,,,,4,4,NA,NA,NA,NA,NA,NA,NA,NA,NA,NA,NA,NA,NA,NA,NA,NA,MAR1334,1,MACS,200,Large,Coast,LargeCoast,LargeCoastFall
VDEQ_BUG,Ref,TRUE,8-MAR008.23,8-MAR008.23_2011_Spring,2011,Spring,157,6/6/2011,Rt. # 644   (Bagby Rd),37.95777778,-77.22516667,65,Southeastern Plains,65m,Rolling Coastal Plain,YO53,NRO,Northern,Maracossic Creek-Doctors Creek,N,YO,Doctors Creek-Maracossic Creek,208010504,York River Basin,8,York,Caroline,33,20801050403,RL_08_280395,III,,,,,4,4,NA,NA,NA,NA,NA,NA,NA,NA,NA,NA,NA,NA,NA,NA,NA,NA,MAR1797,1,MACS,200,Large,Coast,LargeCoast,LargeCoastSpring
VDEQ_BUG,Ref,TRUE,8-MAR008.23,8-MAR008.23_2011_Fall,2011,Fall,332,11/28/2011,Rt. # 644   (Bagby Rd),37.95777778,-77.22516667,65,Southeastern Plains,65m,Rolling Coastal Plain,YO53,NRO,Northern,Maracossic Creek-Doctors Creek,N,YO,Doctors Creek-Maracossic Creek,208010504,York River Basin,8,York,Caroline,33,20801050403,RL_08_280395,III,,,,,4,4,NA,NA,NA,NA,NA,NA,NA,NA,NA,NA,NA,NA,NA,NA,NA,NA,19-Mar,1,MACS,200,Large,Coast,LargeCoast,LargeCoastFall
VDEQ_BUG,Ref,TRUE,8-MAR011.09,8-MAR011.09_2015_Spring,2015,Spring,97,4/7/2015,Rt. 721,37.99006111,-77.24118056,65,Southeastern Plains,65m,Rolling Coastal Plain,YO51,NRO,Northern,Maracossic Creek-Jacks Creek,N,YO,Jacks Creek-Maracossic Creek,208010504,York River Basin,8,York,Caroline,33,20801050401,RL_08_306950,III,,,,,4,3,NA,NA,NA,NA,NA,NA,NA,NA,NA,NA,NA,NA,NA,NA,NA,NA,Mar-55,1,MACS,200,Large,Coast,LargeCoast,LargeCoastSpring
VDEQ_BUG,Ref,TRUE,8-MAR011.09,8-MAR011.09_2015_Fall,2015,Fall,258,9/15/2015,Rt. 721,37.99006111,-77.24118056,65,Southeastern Plains,65m,Rolling Coastal Plain,YO51,NRO,Northern,Maracossic Creek-Jacks Creek,N,YO,Jacks Creek-Maracossic Creek,208010504,York River Basin,8,York,Caroline,33,20801050401,RL_08_306950,III,,,,,4,3,NA,NA,NA,NA,NA,NA,NA,NA,NA,NA,NA,NA,NA,NA,NA,NA,Mar-80,1,MACS,200,Large,Coast,LargeCoast,LargeCoastFall
VDEQ_BUG,Ref,TRUE,8-MAR011.09,8-MAR011.09_2016_Spring,2016,Spring,112,4/21/2016,Rt. 721,37.99006111,-77.24118056,65,Southeastern Plains,65m,Rolling Coastal Plain,YO51,NRO,Northern,Maracossic Creek-Jacks Creek,N,YO,Jacks Creek-Maracossic Creek,208010504,York River Basin,8,York,Caroline,33,20801050401,RL_08_306950,III,,,,,4,3,NA,NA,NA,NA,NA,NA,NA,NA,NA,NA,NA,NA,NA,NA,NA,NA,Mar-80,1,MACS,200,Large,Coast,LargeCoast,LargeCoastSpring
VDEQ_BUG,Ref,TRUE,8-MAR011.09,8-MAR011.09_2016_Fall,2016,Fall,294,10/20/2016,Rt. 721,37.99006111,-77.24118056,65,Southeastern Plains,65m,Rolling Coastal Plain,YO51,NRO,Northern,Maracossic Creek-Jacks Creek,N,YO,Jacks Creek-Maracossic Creek,208010504,York River Basin,8,York,Caroline,33,20801050401,RL_08_306950,III,,,,,4,3,NA,NA,NA,NA,NA,NA,NA,NA,NA,NA,NA,NA,NA,NA,NA,NA,24-Mar,1,MACS,200,Large,Coast,LargeCoast,LargeCoastFall
VDEQ_BUG,Ref,TRUE,8-MPN094.79,8-MPN094.79_2011_Spring,2011,Spring,151,5/31/2011,Rt. # 605   (Paige Rd),38.06027778,-77.38472222,65,Southeastern Plains,65m,Rolling Coastal Plain,YO47,NRO,Northern,Mattaponi River-Campbell Creek,N,YO,Campbell Creek-Mattaponi River,208010502,York River Basin,8,York,Caroline,33,20801050205,RL_08_303337,III,,,,,5,4,NA,NA,NA,NA,NA,NA,NA,NA,NA,NA,NA,NA,NA,NA,NA,NA,MPN1798,1,MACS,200,Large,Coast,LargeCoast,LargeCoastSpring
VDEQ_BUG,Ref,TRUE,8-MPN094.79,8-MPN094.79_2011_Fall,2011,Fall,319,11/15/2011,Rt. # 605   (Paige Rd),38.06027778,-77.38472222,65,Southeastern Plains,65m,Rolling Coastal Plain,YO47,NRO,Northern,Mattaponi River-Campbell Creek,N,YO,Campbell Creek-Mattaponi River,208010502,York River Basin,8,York,Caroline,33,20801050205,RL_08_303337,III,,,,,5,4,NA,NA,NA,NA,NA,NA,NA,NA,NA,NA,NA,NA,NA,NA,NA,NA,MPN2720,1,MACS,200,Large,Coast,LargeCoast,LargeCoastFall
VDEQ_BUG,Ref,TRUE,8-MPN094.79,8-MPN094.79_2012_Spring,2012,Spring,101,4/10/2012,Rt. # 605   (Paige Rd),38.06027778,-77.38472222,65,Southeastern Plains,65m,Rolling Coastal Plain,YO47,NRO,Northern,Mattaponi River-Campbell Creek,N,YO,Campbell Creek-Mattaponi River,208010502,York River Basin,8,York,Caroline,33,20801050205,RL_08_303337,III,,,,,5,4,NA,NA,NA,NA,NA,NA,NA,NA,NA,NA,NA,NA,NA,NA,NA,NA,MPN3466,1,MACS,200,Large,Coast,LargeCoast,LargeCoastSpring
VDEQ_BUG,Ref,TRUE,8-MPN094.79,8-MPN094.79_2014_Fall,2014,Fall,260,9/17/2014,Rt. # 605   (Paige Rd),38.06027778,-77.38472222,65,Southeastern Plains,65m,Rolling Coastal Plain,YO47,NRO,Northern,Mattaponi River-Campbell Creek,N,YO,Campbell Creek-Mattaponi River,208010502,York River Basin,8,York,Caroline,33,20801050205,RL_08_303337,III,,,,,5,4,NA,NA,NA,NA,NA,NA,NA,NA,NA,NA,NA,NA,NA,NA,NA,NA,MPN6796,1,MACS,200,Large,Coast,LargeCoast,LargeCoastFall
VDEQ_BUG,Ref,TRUE,8-PMK088.14,8-PMK088.14_2012_Spring,2012,Spring,152,5/31/2012,50 Meters upstream Rt. 301 bridge,37.78877778,-77.37038889,65,Southeastern Plains,65m,Rolling Coastal Plain,YO27,PRO,Piedmont,Pamunkey River-Mechumps Creek,N,YO,Mechumps Creek-Pamunkey River,208010609,York River Basin,8,York,Caroline,33,20801060901,RL_08_276568,III,,,,,5,NA,1068.823611,7,548,101.4792387,32.98309261,541,0,35.62276077,3.465677407,2.324015302,35.62276077,320438.48,1078.36,12615.695,42.45514104,NA,PMK3354,1,MACS,200,Large,Coast,LargeCoast,LargeCoastSpring
VDEQ_BUG,Ref,TRUE,8-PMK092.12,8-PMK092.12_2010_Spring,2010,Spring,154,6/3/2010,"3 miles US Rt. 301,back of N. Wales Farm",37.78480555,-77.39222222,65,Southeastern Plains,65m,Rolling Coastal Plain,YO27,PRO,Piedmont,Pamunkey River-Mechumps Creek,N,YO,Mechumps Creek-Pamunkey River,208010609,York River Basin,8,York,Caroline,33,20801060901,RL_08_275616,III,,,,,5,5,1063.834741,7,548,101.8305786,32.63868713,541,0,35.62276077,3.47310504,2.324137505,35.62276077,319362.54,1075.94,12573.33514,42.35986539,NA,PMK1117,1,MACS,200,Large,Coast,LargeCoast,LargeCoastSpring
VDEQ_BUG,Ref,TRUE,8-PMK092.12,8-PMK092.12_2010_Fall,2010,Fall,279,10/6/2010,"3 miles US Rt. 301,back of N. Wales Farm",37.78480555,-77.39222222,65,Southeastern Plains,65m,Rolling Coastal Plain,YO27,PRO,Piedmont,Pamunkey River-Mechumps Creek,N,YO,Mechumps Creek-Pamunkey River,208010609,York River Basin,8,York,Caroline,33,20801060901,RL_08_275616,III,,,,,5,5,1063.834741,7,548,101.8305786,32.63868713,541,0,35.62276077,3.47310504,2.324137505,35.62276077,319362.54,1075.94,12573.33514,42.35986539,NA,PMK1646,1,MACS,200,Large,Coast,LargeCoast,LargeCoastFall
VDEQ_BUG,Ref,TRUE,8-RDY004.95,8-RDY004.95_2017_Spring,2017,Spring,67,3/8/2017,Rt. 653 (Burruss Ln.),37.886131,-77.367261,65,Southeastern Plains,65m,Rolling Coastal Plain,YO49,NRO,Northern,Reedy Creek,N,YO,Reedy Creek,208010503,York River Basin,8,York,Caroline,33,20801050302,RL_08_277930,VII,,,,,3,NA,NA,NA,NA,NA,NA,NA,NA,NA,NA,NA,NA,NA,NA,NA,NA,NA,RDY9919,1,MACS,200,Medium,Coast,MediumCoast,MediumCoastSpring
VDEQ_BUG,Ref,TRUE,8-RDY004.95,8-RDY004.95_2017_Fall,2017,Fall,249,9/6/2017,Rt. 653 (Burruss Ln.),37.886131,-77.367261,65,Southeastern Plains,65m,Rolling Coastal Plain,YO49,NRO,Northern,Reedy Creek,N,YO,Reedy Creek,208010503,York River Basin,8,York,Caroline,33,20801050302,RL_08_277930,VII,,,,,3,NA,NA,NA,NA,NA,NA,NA,NA,NA,NA,NA,NA,NA,NA,NA,NA,NA,RDY10491,1,MACS,200,Medium,Coast,MediumCoast,MediumCoastFall
VDEQ_BUG,Ref,TRUE,8-RDY004.95,8-RDY004.95_2018_Spring,2018,Spring,87,3/28/2018,Rt. 653 (Burruss Ln.),37.886131,-77.367261,65,Southeastern Plains,65m,Rolling Coastal Plain,YO49,NRO,Northern,Reedy Creek,N,YO,Reedy Creek,208010503,York River Basin,8,York,Caroline,33,20801050302,RL_08_277930,VII,,,,,3,NA,NA,NA,NA,NA,NA,NA,NA,NA,NA,NA,NA,NA,NA,NA,NA,NA,RDY11084,1,MACS,200,Medium,Coast,MediumCoast,MediumCoastSpring
VDEQ_BUG,Ref,TRUE,8-RDY004.95,8-RDY004.95_2018_Fall,2018,Fall,284,10/11/2018,Rt. 653 (Burruss Ln.),37.886131,-77.367261,65,Southeastern Plains,65m,Rolling Coastal Plain,YO49,NRO,Northern,Reedy Creek,N,YO,Reedy Creek,208010503,York River Basin,8,York,Caroline,33,20801050302,RL_08_277930,VII,,,,,3,NA,NA,NA,NA,NA,NA,NA,NA,NA,NA,NA,NA,NA,NA,NA,NA,NA,RDY11609,1,MACS,200,Medium,Coast,MediumCoast,MediumCoastFall
VDEQ_BUG,Ref,TRUE,8-ROT001.09,8-ROT001.09_2012_Spring,2012,Spring,101,4/10/2012,Rt. # 721   (Newtown Rd),37.93375,-77.16244444,65,Southeastern Plains,65m,Rolling Coastal Plain,YO52,NRO,Northern,Beverly Run,N,YO,Beverly Run,208010504,York River Basin,8,York,King and Queen,97,20801050402,RL_08_280535,III,,,,,2,2,NA,NA,NA,NA,NA,NA,NA,NA,NA,NA,NA,NA,NA,NA,NA,NA,ROT3457,1,MACS,200,Small,Coast,SmallCoast,SmallCoastSpring
VDEQ_BUG,Ref,TRUE,8-ROT001.09,8-ROT001.09_2012_Fall,2012,Fall,275,10/1/2012,Rt. # 721   (Newtown Rd),37.93375,-77.16244444,65,Southeastern Plains,65m,Rolling Coastal Plain,YO52,NRO,Northern,Beverly Run,N,YO,Beverly Run,208010504,York River Basin,8,York,King and Queen,97,20801050402,RL_08_280535,III,,,,,2,2,NA,NA,NA,NA,NA,NA,NA,NA,NA,NA,NA,NA,NA,NA,NA,NA,ROT4064,1,MACS,200,Small,Coast,SmallCoast,SmallCoastFall
VDEQ_BUG,Ref,TRUE,8-TPT004.52,8-TPT004.52_2015_Spring,2015,Spring,113,4/23/2015,0.15 miles upstream Rt. 606,37.6625,-77.26038889,65,Southeastern Plains,65m,Rolling Coastal Plain,YO30,PRO,Piedmont,Totopotomoy Creek,N,YO,Totopotomoy Creek,208010609,York River Basin,8,York,Hanover,85,20801060904,RL_08_278820,VII,,,,,3,3,24.24732218,2,65,50.0060365,9.946532528,63,0,20.21670914,2.926361418,2.51107731,20.21670914,8691.65,1093.94,342.1911297,43.06852719,NA,TPT7591,1,MACS,200,Medium,Coast,MediumCoast,MediumCoastSpring
VDEQ_BUG,Ref,TRUE,8-TPT004.52,8-TPT004.52_2015_Outside Sample Window,2015,Outside Sample Window,355,12/21/2015,0.15 miles upstream Rt. 606,37.6625,-77.26038889,65,Southeastern Plains,65m,Rolling Coastal Plain,YO30,PRO,Piedmont,Totopotomoy Creek,N,YO,Totopotomoy Creek,208010609,York River Basin,8,York,Hanover,85,20801060904,RL_08_278820,VII,,,,,3,3,24.24732218,2,65,50.0060365,9.946532528,63,0,20.21670914,2.926361418,2.51107731,20.21670914,8691.65,1093.94,342.1911297,43.06852719,NA,TPT8407,1,MACS,200,Medium,Coast,MediumCoast,MediumCoastOutside Sample Window
